一,jat1,,,,,,,,
乙,jyut3,,,,,,,,
二,ji6,,,,,,,,
十,sap6,,,,,,,,
丁,zaang1,zang1,"ding1	",,,,,,
厂,cong2,hon3,,,,,,,
七,cat1,,,,,,,,
卜,baak6,,,,,,,,
人,jan4,,,,,,,,
入,jap6,,,,,,,,
八,baat3,,,,,,,,
九,gau2,,,,,,,,
几,gei1,gei2,,,,,,,
儿,ngai4,ji4,,,,,,,
了,laa1,liu4,liu5,,,,,,
力,lik6,,,,,,,,
乃,naai5,oi2,,,,,,,
刀,dou1,,,,,,,,
又,jau6,,,,,,,,
三,saam1,saam3,,,,,,,
于,wu1,jyu1,jyu4,,,,,,
干,"gon3	",hon4,,,,,,,
亏,kwai1,,,,,,,,
士,si6,,,,,,,,
工,gung1,,,,,,,,
土,tou2,,,,,,,,
才,coi4,coi2,,,,,,,
寸,cyun3,,,,,,,,
下,haa5,haa6,,,,,,,
大,daai6,taai3,,,,,,,
丈,zoeng6,,,,,,,,
与,jyu4,jyu5,jyu6,,,,,,
万,maan6,mak6,,,,,,,
上,soeng5,soeng6,,,,,,,
小,siu2,,,,,,,,
口,hau2,,,,,,,,
巾,gan1,,,,,,,,
山,saan1,,,,,,,,
千,cin1,,,,,,,,
乞,hat1,,,,,,,,
川,cyun1,,,,,,,,
亿,jik1,,,,,,,,
个,go3,,,,,,,,
勺,soek3,zoek3,,,,,,,
久,gau2,,,,,,,,
凡,faan4,,,,,,,,
及,gap6,kap6,,,,,,,
夕,zik6,,,,,,,,
丸,jyun4,,,,,,,,
么,maa1,mo1,mo5,jiu1,,,,,
广,gwong2,,,,,,,,
亡,mong4,mou4,,,,,,,
门,mun4,,,,,,,,
义,ji6,,,,,,,,
之,zi1,,,,,,,,
尸,si1,,,,,,,,
弓,gung1,,,,,,,,
己,gei2,,,,,,,,
已,ji5,,,,,,,,
子,zi2,,,,,,,,
卫,wai6,,,,,,,,
也,jaa5,,,,,,,,
女,neoi5,neoi6,jyu5,,,,,,
飞,fei1,,,,,,,,
刃,jan6,,,,,,,,
习,zaap6,,,,,,,,
叉,caa1,caa5,,,,,,,
马,maa5,,,,,,,,
乡,hoeng1,hoeng3,,,,,,,
丰,fung1,,,,,,,,
王,wong4,wong6,,,,,,,
井,zeng2,zing2,,,,,,,
开,hoi1,,,,,,,,
夫,fu1,fu4,,,,,,,
天,tin1,,,,,,,,
无,mou4,,,,,,,,
元,jyun4,,,,,,,,
专,zyun1,,,,,,,,
云,wan4,,,,,,,,
扎,zaat3,,,,,,,,
艺,ngai6,,,,,,,,
木,muk6,,,,,,,,
五,ng5,,,,,,,,
支,zi1,,,,,,,,
厅,teng1,,,,,,,,
不,bat1,fau2,fau2,,,,,,
太,taai3,,,,,,,,
犬,hyun2,,,,,,,,
区,keoi1,au1,,,,,,,
历,lik6,,,,,,,,
尤,jau4,,,,,,,,
友,jau5,,,,,,,,
匹,pat1,,,,,,,,
车,ce1,geoi1,,,,,,,
巨,geoi6,,,,,,,,
牙,ngaa4,,,,,,,,
屯,zeon1,tyun4,,,,,,,
比,bei2,bei6,pei4,bei3,,,,,
互,wu6,,,,,,,,
切,cai3,cit3,,,,,,,
瓦,ngaa5,,,,,,,,
止,zi2,,,,,,,,
少,siu2,siu3,,,,,,,
日,jat6,,,,,,,,
中,zung1,zung3,,,,,,,
冈,gong1,,,,,,,,
贝,,,,,,,,,
内,naap6,noi6,,,,,,,
水,seoi2,,,,,,,,
见,gin3,jin6,,,,,,,
午,ng5,,,,,,,,
牛,ngau4,,,,,,,,
手,sau2,,,,,,,,
毛,maau4,mou4,,,,,,,
气,hei3,,,,,,,,
升,sing1,,,,,,,,
长,coeng4,zoeng2,zoeng6,,,,,,
仁,jan4,,,,,,,,
什,sam6,sap6,,,,,,,
片,pin3,,,,,,,,
仆,fu6,buk6,puk1,,,,,,
化,faa1,faa3,,,,,,,
仇,cau4,kau4,sau4,,,,,,
币,bai6,,,,,,,,
仍,jing4,,,,,,,,
仅,gan2,gan6,,,,,,,
斤,gan1,gan3,,,,,,,
爪,zaau2,,,,,,,,
反,faan1,faan2,faan3,,,,,,
介,gaa3,gaai3,,,,,,,
父,fu2,fu6,,,,,,,
从,cung1,cung4,sung1,zung1,zung3,zung6,,,
今,gam1,,,,,,,,
凶,hung1,,,,,,,,
分,fan1,fan6,,,,,,,
乏,fat6,,,,,,,,
公,gung1,,,,,,,,
仓,cong1,,,,,,,,
月,jyut6,,,,,,,,
氏,si6,zi1,,,,,,,
勿,mat6,,,,,,,,
欠,him3,,,,,,,,
风,fung1,fung3,,,,,,,
丹,daan1,,,,,,,,
匀,wan4,,,,,,,,
乌,wu1,,,,,,,,
凤,fung6,,,,,,,,
勾,au1,gau1,ngau1,,,,,,
文,man4,man6,,,,,,,
六,luk6,,,,,,,,
方,fong1,,,,,,,,
火,fo2,,,,,,,,
为,wai4,wai6,,,,,,,
斗,dau2,dau3,,,,,,,
忆,jik1,,,,,,,,
订,deng6,ding3,,,,,,,
计,gai3,gei3,,,,,,,
户,wu6,,,,,,,,
认,jan6,jing6,,,,,,,
心,sam1,,,,,,,,
尺,ce2,cek3,cek2,,,,,,
引,jan5,,,,,,,,
丑,cau2,,,,,,,,
巴,baa1,,,,,,,,
孔,hung2,,,,,,,,
队,deoi6,zeoi6,,,,,,,
办,baan6,baan2,,,,,,,
以,ji5,,,,,,,,
允,wan5,,,,,,,,
予,jyu4,jyu5,,,,,,,
劝,hyun3,,,,,,,,
双,soeng1,,,,,,,,
书,syu1,,,,,,,,
幻,waan6,,,,,,,,
玉,juk6,,,,,,,,
刊,hon1,hon2,,,,,,,
示,si6,,,,,,,,
末,mut6,,,,,,,,
未,mei6,,,,,,,,
击,gik1,,,,,,,,
打,daa1,daa2,ding2,,,,,,
巧,haau2,kiu2,,,,,,,
正,zeng3,zing1,zing3,,,,,,
扑,pok3,puk1,,,,,,,
扒,paa1,paa4,baat3,baat3,,,,,
功,gung1,,,,,,,,
扔,jing4,wing1,,,,,,,
去,heoi2,heoi3,,,,,,,
甘,gam1,,,,,,,,
世,sai3,,,,,,,,
古,gu2,,,,,,,,
节,zit3,,,,,,,,
本,bun2,,,,,,,,
术,seot6,,,,,,,,
可,hak1,ho2,,,,,,,
丙,bing2,,,,,,,,
左,zo2,,,,,,,,
厉,laai3,laai6,lai6,,,,,,
右,jau6,,,,,,,,
石,daam3,sek6,,,,,,,
布,bou3,,,,,,,,
龙,lung4,,,,,,,,
平,peng4,ping4,,,,,,,
灭,mit6,,,,,,,,
轧,gaat3,zaat3,,,,,,,
东,dung1,,,,,,,,
卡,"kaa1	",kaa2,zaap6,kaat1,,,,,
北,bak1,bui3,bei3,bui3,,,,,
占,zim1,zim3,,,,,,,
业,jip6,,,,,,,,
旧,gau6,,,,,,,,
帅,seoi3,seot1,,,,,,,
归,gwai1,gwai6,kwai3,,,,,,
且,ce2,zeoi1,,,,,,,
旦,daan2,daan3,,,,,,,
目,muk6,,,,,,,,
叶,jip6,sip3,,,,,,,
甲,gaap3,,,,,,,,
申,san1,,,,,,,,
叮,ding1,,,,,,,,
电,din6,,,,,,,,
号,hou4,hou6,,,,,,,
田,tin4,,,,,,,,
由,jau4,,,,,,,,
史,si2,,,,,,,,
只,zek3,zi2,,,,,,,
央,joeng1,,,,,,,,
兄,hing1,,,,,,,,
叼,diu1,,,,,,,,
叫,giu3,,,,,,,,
另,ling6,,,,,,,,
叨,dou1,tou1,,,,,,,
叹,taan3,,,,,,,,
四,sei3,si3,,,,,,,
生,saang1,sang1,,,,,,,
失,sat1,,,,,,,,
禾,wo4,,,,,,,,
丘,jau1,,,,,,,,
付,fu6,,,,,,,,
仗,zoeng3,zoeng6,,,,,,,
代,doi6,,,,,,,,
仙,sin1,,,,,,,,
们,mun4,,,,,,,,
仪,ji4,,,,,,,,
白,baak6,baak2,,,,,,,
仔,zai2,zi2,,,,,,,
他,taa1,to1,,,,,,,
斥,cik1,,,,,,,,
瓜,gwaa1,,,,,,,,
乎,fu1,fu4,wu4,,,,,,
丛,cung4,,,,,,,,
令,lim1,ling1,ling4,ling5,ling6,,,,
用,jung6,,,,,,,,
甩,lat1,,,,,,,,
印,jan3,ngan3,,,,,,,
乐,ngaau6,lok3,ngok6,lok6,,,,,
句,geoi3,ngau1,gau1,,,,,,
匆,cung1,,,,,,,,
册,caak3,,,,,,,,
犯,faan6,,,,,,,,
外,ngoi6,,,,,,,,
处,cyu2,cyu3,syu3,,,,,,
冬,dung1,,,,,,,,
鸟,niu5,diu2,,,,,,,
务,mou6,,,,,,,,
包,baau1,,,,,,,,
饥,gei1,,,,,,,,
主,zyu2,,,,,,,,
市,si5,,,,,,,,
立,laap6,lap6,,,,,,,
闪,sim2,,,,,,,,
兰,laan4,,,,,,,,
半,bun3,,,,,,,,
汁,zap1,,,,,,,,
汇,wui6,,,,,,,,
头,tau4,,,,,,,,
汉,hon3,,,,,,,,
宁,ning4,ning6,cyu5,,,,,,
穴,jyut6,,,,,,,,
它,taa1,to1,,,,,,,
讨,tou2,,,,,,,,
写,se2,,,,,,,,
让,joeng6,,,,,,,,
礼,lai5,,,,,,,,
训,fan3,,,,,,,,
必,bit1,,,,,,,,
议,ji3,ji5,,,,,,,
讯,seon3,,,,,,,,
记,gei3,,,,,,,,
永,wing5,,,,,,,,
司,si1,,,,,,,,
尼,nei4,,,,,,,,
民,man4,,,,,,,,
出,ceot1,,,,,,,,
辽,liu4,,,,,,,,
奶,naai1,naai5,,,,,,,
奴,nou4,,,,,,,,
加,gaa1,gaa3,,,,,,,
召,siu6,ziu6,,,,,,,
皮,pei4,,,,,,,,
边,bin1,bin6,,,,,,,
发,faat3,fat3,but3,but6,,,,,
孕,jan6,,,,,,,,
圣,sing3,,,,,,,,
对,deoi3,,,,,,,,
台,toi2,toi4,,,,,,,
矛,maau4,,,,,,,,
纠,dau2,gau2,,,,,,,
母,mau4,mou5,,,,,,,
幼,jau3,,,,,,,,
丝,si1,,,,,,,,
式,sik1,,,,,,,,
刑,jing4,,,,,,,,
动,dung6,,,,,,,,
扛,gong1,kong1,,,,,,,
寺,zi6,,,,,,,,
吉,gat1,,,,,,,,
扣,kau3,,,,,,,,
考,haau2,,,,,,,,
托,tok3,,,,,,,,
老,lou5,,,,,,,,
执,zap1,,,,,,,,
巩,gung2,,,,,,,,
圾,saap3,kap1,ngap6,,,,,,
扩,gwok3,kwok3,kong3,"kwong3	",,,,,
扫,sou2,sou3,,,,,,,
地,dei6,deng6,,,,,,,
扬,joeng4,,,,,,,,
场,coeng4,coeng2,,,,,,,
耳,,,,,,,,,
共,gung1,gung2,gung6,,,,,,
芒,fong2,mong4,,,,,,,
亚,aa3,,,,,,,,
芝,zi1,,,,,,,,
朽,jau2,nau2,,,,,,,
朴,pok3,buk6,,,,,,,
机,gei1,,,,,,,,
权,kyun4,,,,,,,,
过,gwo1,gwo3,,,,,,,
臣,san4,san2,,,,,,,
再,zoi3,,,,,,,,
协,hip3,hip6,,,,,,,
西,sai1,,,,,,,,
压,aat3,,,,,,,,
厌,jim1,jim3,,,,,,,
在,zoi6,,,,,,,,
有,jau5,jau6,,,,,,,
百,baak3,mak6,,,,,,,
存,cyun4,,,,,,,,
而,nang4,"ji4	",,,,,,,
页,jip6,sau2,kit3,,,,,,
匠,zoeng6,,,,,,,,
夸,kwaa1,,,,,,,,
夺,dyut6,,,,,,,,
灰,fui1,,,,,,,,
达,daat6,taat3,,,,,,,
列,laat6,lit6,,,,,,,
死,sei2,si2,,,,,,,
成,seng4,cing4,sing4,,,,,,
夹,gaap3,gap3,gep6,gip6,,,,,
轨,gwai2,,,,,,,,
邪,ce4,je4,,,,,,,
划,waak6,,,,,,,,
迈,maai6,,,,,,,,
毕,bat1,,,,,,,,
至,zi3,,,,,,,,
此,ci2,,,,,,,,
贞,,,,,,,,,
师,si1,,,,,,,,
尘,can4,,,,,,,,
尖,zim1,,,,,,,,
劣,lyut3,lyut6,,,,,,,
光,gwong1,,,,,,,,
当,dong1,dong3,,,,,,,
早,zou2,,,,,,,,
吐,tou2,tou3,,,,,,,
吓,haak1,haak3,,,,,,,
虫,cung4,,,,,,,,
曲,guk1,kuk1,,,,,,,
团,tyun4,,,,,,,,
同,tung4,,,,,,,,
吊,diu3,,,,,,,,
吃,jaak3,gat1,hat1,hek3,,,,,
因,jan1,,,,,,,,
吸,kap1,,,,,,,,
吗,maa1,maa3,maa4,maa5,,,,,
屿,zeoi6,jyu4,,,,,,,
帆,faan4,faan6,,,,,,,
岁,seoi3,,,,,,,,
回,wui4,,,,,,,,
岂,hei2,hoi2,,,,,,,
刚,gong1,,,,,,,,
则,zak1,,,,,,,,
肉,juk6,,,,,,,,
网,mong5,,,,,,,,
年,nin4,,,,,,,,
朱,zyu1,,,,,,,,
先,sin1,sin3,,,,,,,
丢,diu1,,,,,,,,
舌,sit3,sit6,,,,,,,
竹,zuk1,,,,,,,,
迁,cin1,,,,,,,,
乔,kiu4,,,,,,,,
伟,wai5,,,,,,,,
传,cyun4,zyun3,zyun6,,,,,,
乒,bing1,ping1,,,,,,,
乓,bam1,pong1,,,,,,,
休,jau1,,,,,,,,
伍,ng5,,,,,,,,
伏,buk6,fuk6,,,,,,,
优,jau1,,,,,,,,
伐,fat6,,,,,,,,
延,jin4,,,,,,,,
件,gin6,,,,,,,,
任,jam4,jam6,,,,,,,
伤,soeng1,,,,,,,,
价,gaa3,,,,,,,,
份,,,,,,,,,
华,faa1,waa4,waa6,,,,,,
仰,joeng5,ngong5,,,,,,,
仿,,,,,,,,,
伙,fo2,,,,,,,,
伪,ngai6,,,,,,,,
自,zi6,,,,,,,,
血,hyut3,,,,,,,,
向,hoeng2,hoeng3,,,,,,,
似,ci5,,,,,,,,
后,hau6,,,,,,,,
行,haang4,hang4,hang6,hong4,,,,,
舟,zau1,,,,,,,,
全,cyun4,,,,,,,,
会,kui2,wui5,wui6,kui3,wui3,,,,
杀,saai3,saat3,,,,,,,
合,gap3,hap6,,,,,,,
兆,siu6,,,,,,,,
企,,,,,,,,,
众,zung3,,,,,,,,
爷,je4,,,,,,,,
伞,saan3,,,,,,,,
创,cong1,cong3,,,,,,,
肌,gei1,,,,,,,,
朵,do2,doe2,,,,,,,
杂,zaap6,,,,,,,,
危,ngai4,,,,,,,,
旬,ceon4,,,,,,,,
旨,zi2,,,,,,,,
负,,,,,,,,,
各,gok3,,,,,,,,
名,meng2,meng4,ming4,,,,,,
多,do1,,,,,,,,
争,caang1,zaang1,zang1,,,,,,
色,sik1,,,,,,,,
壮,zong3,,,,,,,,
冲,cung1,,,,,,,,
冰,bing1,jing4,jing4,king4,,,,,
庄,zong1,,,,,,,,
庆,hing3,,,,,,,,
亦,jik6,,,,,,,,
刘,lau4,,,,,,,,
齐,cai4,zai6,zi1,zaai1,,,,,
交,gaau1,,,,,,,,
次,ci3,"ci1		",zi1,,,,,,
衣,ji1,ji3,,,,,,,
产,caan2,,,,,,,,
决,hyut3,kyut3,,,,,,,
充,cung1,,,,,,,,
妄,mong5,,,,,,,,
闭,bai3,,,,,,,,
问,man6,,,,,,,,
闯,cam3,cong2,cong3,,,,,,
羊,joeng4,,,,,,,,
并,bing3,bing6,,,,,,,
关,gwaan1,,,,,,,,
米,mai5,,,,,,,,
灯,dang1,,,,,,,,
州,zau1,,,,,,,,
汗,hon4,hon6,,,,,,,
污,waa1,wu1,,,,,,,
江,gong1,,,,,,,,
池,ci4,"to4	",,,,,,,
汤,soeng1,tong1,,,,,,,
忙,mong4,,,,,,,,
兴,hing1,hing3,,,,,,,
宇,jyu5,,,,,,,,
守,sau2,,,,,,,,
宅,zaak6,,,,,,,,
字,zi6,,,,,,,,
安,on1,ngon1,ngon1,,,,,,
讲,gong2,,,,,,,,
军,gwan1,,,,,,,,
许,heoi2,,,,,,,,
论,leon4,leon6,,,,,,,
农,nung4,,,,,,,,
讽,fung3,,,,,,,,
设,cit3,,,,,,,,
访,fong2,,,,,,,,
寻,cam4,,,,,,,,
那,naa5,naa6,no1,no4,no5,no6,,,
迅,seon3,,,,,,,,
尽,zeon2,zeon6,,,,,,,
导,dou6,,,,,,,,
异,ji6,,,,,,,,
孙,syun1,,,,,,,,
阵,zan6,,,,,,,,
阳,joeng4,,,,,,,,
收,sau1,,,,,,,,
阶,gaai1,,,,,,,,
阴,jam1,am1,jam3,,,,,,
防,fong4,,,,,,,,
奸,gaan1,,,,,,,,
如,jyu4,,,,,,,,
妇,fu5,,,,,,,,
好,hou2,hou3,,,,,,,
她,taa1,ji1,,,,,,,
妈,maa1,maa2,maa4,maa5,,,,,
戏,hei3,fu1,,,,,,,
羽,jyu5,,,,,,,,
观,gun1,gun3,,,,,,,
欢,fun1,,,,,,,,
买,maai5,,,,,,,,
红,gung1,hung4,,,,,,,
纤,cim1,hin1,hin3,,,,,,
级,kap1,,,,,,,,
约,joek3,,,,,,,,
纪,gei2,gei3,,,,,,,
驰,ci4,,,,,,,,
巡,ceon4,,,,,,,,
寿,sau6,,,,,,,,
弄,lung6,nung6,,,,,,,
麦,maak6,mak6,,,,,,,
形,jing4,,,,,,,,
进,zeon3,,,,,,,,
戒,gaai3,,,,,,,,
吞,tan1,,,,,,,,
远,jyun5,jyun6,,,,,,,
违,wai4,,,,,,,,
运,wan6,,,,,,,,
扶,pou4,fu4,,,,,,,
抚,fu2,,,,,,,,
坛,taam4,taan4,,,,,,,
技,gei6,,,,,,,,
坏,waai6,,,,,,,,
扰,jiu2,jiu5,,,,,,,
拒,keoi5,,,,,,,,
找,zaau2,,,,,,,,
批,pai1,,,,,,,,
扯,ce2,,,,,,,,
址,zi2,,,,,,,,
走,zau2,,,,,,,,
抄,,,,,,,,,
坝,baa3,,,,,,,,
贡,,,,,,,,,
攻,gung1,,,,,,,,
赤,cek3,cik3,,,,,,,
折,zaap3,zip3,zit3,,,,,,
抓,,,,,,,,,
扮,baan3,baan6,fan5,baan6,fan5,,,,
抢,coeng1,coeng2,cong2,,,,,,
孝,haau3,,,,,,,,
均,gwan1,kwan1,wan6,,,,,,
抛,paau1,,,,,,,,
投,,,,,,,,,
坟,fan4,"fan5	",,,,,,,
抗,,,,,,,,,
坑,haang1,,,,,,,,
坊,fong1,fong4,,,,,,,
抖,,,,,,,,,
护,wu6,,,,,,,,
壳,hok3,,,,,,,,
志,zi3,,,,,,,,
扭,nau2,,,,,,,,
块,faai3,,,,,,,,
声,seng1,sing1,,,,,,,
把,,,,,,,,,
报,bou3,,,,,,,,
却,koek3,,,,,,,,
劫,gip3,,,,,,,,
芽,ngaa4,,,,,,,,
花,faa1,waa4,waa6,,,,,,
芹,kan4,,,,,,,,
芬,fan1,,,,,,,,
苍,cong1,cong2,cong2,,,,,,
芳,fong1,,,,,,,,
严,jim4,,,,,,,,
芦,lou4,,,,,,,,
劳,lou4,lou6,,,,,,,
克,haak1,hak1,,,,,,,
苏,sou1,,,,,,,,
杆,gon1,,,,,,,,
杠,gong1,gong3,,,,,,,
杜,dou6,,,,,,,,
材,coi4,,,,,,,,
村,cyun1,,,,,,,,
杏,hang6,,,,,,,,
极,gik6,,,,,,,,
李,lei5,,,,,,,,
杨,joeng4,,,,,,,,
求,kau4,,,,,,,,
更,gaang1,gang1,gang3,,,,,,
束,cuk1,,,,,,,,
豆,dau6,,,,,,,,
两,loeng2,loeng5,loeng6,loeng2,loeng6,,,,
丽,lai6,lei4,,,,,,,
医,ji1,,,,,,,,
辰,san4,,,,,,,,
励,lai6,,,,,,,,
否,fau2,pei2,pei5,,,,,,
还,waan4,syun4,,,,,,,
歼,cim1,,,,,,,,
来,lai4,loi4,loi6,,,,,,
连,lin4,,,,,,,,
步,"fau6	",bou6,,,,,,,
坚,gin1,,,,,,,,
旱,hon5,,,,,,,,
盯,deng1,ding1,,,,,,,
呈,cing4,,,,,,,,
时,si4,,,,,,,,
吴,ng4,,,,,,,,
助,zo6,,,,,,,,
县,jyun4,jyun6,,,,,,,
里,lei5,leoi5,,,,,,,
呆,daai1,ngoi4,,,,,,,
园,jyun4,,,,,,,,
旷,kong3,kwong3,,,,,,,
围,wai4,,,,,,,,
呀,aa1,,,,,,,,
吨,deon1,deon6,,,,,,,
足,zeoi3,zuk1,,,,,,,
邮,jau4,,,,,,,,
男,naam4,,,,,,,,
困,kwan3,,,,,,,,
吵,caau2,,,,,,,,
串,gwaan3,cyun3,,,,,,,
员,wan4,jyun4,,,,,,,
听,teng1,ting1,ting3,jan5,,,,,
吩,fan1,,,,,,,,
吹,ceoi1,ceoi3,,,,,,,
呜,wu1,,,,,,,,
吧,baa1,baa6,,,,,,,
吼,haau1,hau2,"hau3	",,,,,,
别,bit3,bit6,,,,,,,
岗,gong1,,,,,,,,
帐,zoeng3,,,,,,,,
财,,,,,,,,,
针,zam1,,,,,,,,
钉,deng1,ding1,,,,,,,
告,gou3,guk1,,,,,,,
我,ngo5,,,,,,,,
乱,lyun6,,,,,,,,
利,lei6,,,,,,,,
秃,tuk1,,,,,,,,
秀,sau3,,,,,,,,
私,si1,,,,,,,,
每,mui5,,,,,,,,
兵,bing1,,,,,,,,
估,gu2,gu3,,,,,,,
体,tai2,ban6,,,,,,,
何,ho4,ho6,,,,,,,
但,daan6,,,,,,,,
伸,san1,,,,,,,,
作,zok3,,,,,,,,
伯,baa3,baak3,mak6,,,,,,
伶,ling4,,,,,,,,
佣,jung4,jung6,,,,,,,
低,dai1,,,,,,,,
你,nei5,,,,,,,,
住,zyu6,,,,,,,,
位,wai6,,,,,,,,
伴,bun6,pun5,,,,,,,
身,san1,gyun1,,,,,,,
皂,zou6,,,,,,,,
佛,bat6,fat1,fat6,,,,,,
近,gan6,kan5,,,,,,,
彻,cit3,,,,,,,,
役,jik6,,,,,,,,
返,faan1,faan2,,,,,,,
余,jyu4,,,,,,,,
希,hei1,,,,,,,,
坐,co5,zo6,,,,,,,
谷,gau3,"guk1	",juk6,,,,,,
妥,to2,,,,,,,,
含,ham4,,,,,,,,
邻,leon4,,,,,,,,
岔,caa3,,,,,,,,
肝,gon1,,,,,,,,
肚,tou5,,,,,,,,
肠,coeng4,coeng2,,,,,,,
龟,gwai1,gwan1,gau1,kau1,,,,,
免,man6,min5,,,,,,,
狂,kong4,kwong4,,,,,,,
犹,jau4,,,,,,,,
角,gok3,luk6,,,,,,,
删,saan1,,,,,,,,
条,tiu4,tiu5,,,,,,,
卵,leon2,leon5,lo5,,,,,,
岛,dou2,,,,,,,,
迎,jing4,jing6,,,,,,,
饭,faan5,"faan6	",,,,,,,
饮,jam2,jam3,,,,,,,
系,hai6,hai6,,,,,,,
言,jin4,,,,,,,,
冻,dung3,,,,,,,,
状,zong6,,,,,,,,
亩,mau5,,,,,,,,
况,fong3,,,,,,,,
床,cong4,,,,,,,,
库,se3,fu3,,,,,,,
疗,liu4,liu6,,,,,,,
应,jing1,jing3,,,,,,,
冷,laang5,,,,,,,,
这,ze2,ze3,ze5,,,,,,
序,zeoi6,,,,,,,,
辛,san1,,,,,,,,
弃,hei3,,,,,,,,
冶,je5,,,,,,,,
忘,mong4,,,,,,,,
闲,haan4,,,,,,,,
间,gaan1,gaan3,haan4,,,,,,
闷,mun6,,,,,,,,
判,pun3,,,,,,,,
灶,zou3,,,,,,,,
灿,caan3,,,,,,,,
弟,dai6,tai5,tai6,teoi4,,,,,
汪,wong1,,,,,,,,
沙,saa1,,,,,,,,
汽,hei3,,,,,,,,
沃,juk1,,,,,,,,
泛,faan3,fung2,faan4,,,,,,
沟,gau1,kau1,,,,,,,
没,mei6,mut6,,,,,,,
沈,cam4,sam2,zam3,,,,,,
沉,cam4,zam6,,,,,,,
怀,waai4,,,,,,,,
忧,jau1,,,,,,,,
快,faai3,,,,,,,,
完,jyun4,,,,,,,,
宋,sung3,,,,,,,,
宏,wang4,,,,,,,,
牢,lou4,,,,,,,,
究,gau3,,,,,,,,
穷,kung4,,,,,,,,
灾,zoi1,,,,,,,,
良,loeng4,,,,,,,,
证,zing3,,,,,,,,
启,kai2,,,,,,,,
评,ping4,,,,,,,,
补,bou2,,,,,,,,
初,co1,,,,,,,,
社,se5,,,,,,,,
识,zi3,sik1,,,,,,,
诉,sou3,,,,,,,,
诊,can2,zan2,,,,,,,
词,ci4,,,,,,,,
译,jik6,,,,,,,,
君,gwan1,,,,,,,,
灵,leng4,ling4,,,,,,,
即,zik1,,,,,,,,
层,cang4,,,,,,,,
尿,seoi1,niu6,,,,,,,
尾,mei5,,,,,,,,
迟,ci4,"zi3	","zi6	",,,,,,
局,guk6,,,,,,,,
改,goi2,,,,,,,,
张,zoeng1,zoeng3,,,,,,,
忌,gei6,,,,,,,,
际,zai3,,,,,,,,
陆,luk6,,,,,,,,
阿,aa2,aa3,aak3,o1,ngaa3,ngo1,,,
陈,can4,zan6,,,,,,,
阻,zo2,,,,,,,,
附,fu6,,,,,,,,
妙,miu6,,,,,,,,
妖,jiu1,,,,,,,,
妨,fong4,,,,,,,,
努,nou5,,,,,,,,
忍,jan5,,,,,,,,
劲,ging3,ging6,,,,,,,
鸡,gai1,,,,,,,,
驱,keoi1,au2,,,,,,,
纯,seon4,zeon2,tyun4,,,,,,
纱,saa1,,,,,,,,
纳,naap6,,,,,,,,
纲,gong1,,,,,,,,
驳,bok3,,,,,,,,
纵,zung1,zung3,,,,,,,
纷,fan1,,,,,,,,
纸,zi2,,,,,,,,
纹,man4,,,,,,,,
纺,fong2,,,,,,,,
驴,leoi4,lou4,,,,,,,
纽,nau2,,,,,,,,
奉,fung6,,,,,,,,
玩,waan4,wun6,,,,,,,
环,waan4,,,,,,,,
武,mou5,,,,,,,,
青,ceng1,cing1,,,,,,,
责,,,,,,,,,
现,jin6,,,,,,,,
表,biu2,,,,,,,,
规,kwai1,,,,,,,,
抹,maat3,mut3,mut6,,,,,,
拢,"lung4		",lung5,,,,,,,
拔,bat6,,,,,,,,
拣,gaan2,,,,,,,,
担,,,,,,,,,
坦,taan2,,,,,,,,
押,,,,,,,,,
抽,,,,,,,,,
拐,gwaai2,,,,,,,,
拖,to1,,,,,,,,
拍,,,,,,,,,
者,ze2,,,,,,,,
顶,deng2,ding2,,,,,,,
拆,,,,,,,,,
拥,jung2,ung2,,,,,,,
抵,dai2,zi2,,,,,,,
拘,keoi1,,,,,,,,
势,sai3,,,,,,,,
抱,paau1,pou5,bou6,bou6,,,,,
垃,laap6,,,,,,,,
拉,,,,,,,,,
拦,laan4,,,,,,,,
拌,,,,,,,,,
幸,hang6,,,,,,,,
招,ziu1,,,,,,,,
坡,bo1,po1,,,,,,,
披,pei1,,,,,,,,
拨,but3,but6,put3,but3,,,,,
择,zaak6,,,,,,,,
抬,toi4,,,,,,,,
其,gei1,kei4,,,,,,,
取,ceoi2,,,,,,,,
苦,fu2,,,,,,,,
若,je5,joek6,,,,,,,
茂,mau6,,,,,,,,
苹,pan4,ping4,,,,,,,
苗,miu4,,,,,,,,
英,jing1,,,,,,,,
范,faan6,,,,,,,,
直,zik6,,,,,,,,
茄,ke1,ke4,,,,,,,
茎,hang4,ging1,ging3,,,,,,
茅,maau4,,,,,,,,
林,lam4,,,,,,,,
枝,kei4,zi1,,,,,,,
杯,bui1,,,,,,,,
柜,gwai6,,,,,,,,
析,cik1,sik1,,,,,,,
板,baan2,,,,,,,,
松,cung4,sung1,,,,,,,
枪,coeng1,,,,,,,,
构,gau3,kau3,,,,,,,
杰,git6,,,,,,,,
述,seot6,,,,,,,,
枕,zam2,zam3,,,,,,,
丧,song1,song3,,,,,,,
或,waak6,,,,,,,,
画,waa2,waa6,waak6,,,,,,
卧,ngo6,,,,,,,,
事,si6,,,,,,,,
刺,cek3,"ci3	",cik3,sik3,,,,,
枣,zou2,,,,,,,,
雨,jyu5,jyu6,,,,,,,
卖,maai6,juk6,,,,,,,
矿,gwong3,kong3,kwong3,,,,,,
码,maa5,,,,,,,,
厕,cak1,ci3,"zak1	",,,,,,
奔,ban1,ban3,ban3,,,,,,
奇,gei1,kei4,,,,,,,
奋,,,,,,,,,
态,taai3,,,,,,,,
欧,au1,au2,,,,,,,
垄,lung5,,,,,,,,
妻,cai1,cai3,,,,,,,
轰,gwang1,,,,,,,,
顷,king2,king1,,,,,,,
转,zyun2,zyun3,,,,,,,
斩,zaam2,,,,,,,,
轮,leon4,,,,,,,,
软,jyun5,,,,,,,,
到,dou3,,,,,,,,
非,fei1,fei2,,,,,,,
叔,suk1,,,,,,,,
肯,hang2,hoi2,,,,,,,
齿,ci2,,,,,,,,
些,se1,,,,,,,,
虎,fu2,,,,,,,,
虏,lou5,,,,,,,,
肾,san5,san6,,,,,,,
贤,jin4,,,,,,,,
尚,soeng6,,,,,,,,
旺,wong6,,,,,,,,
具,geoi6,,,,,,,,
果,gwo2,gu2,,,,,,,
味,mei6,,,,,,,,
昆,gwan1,kwan1,,,,,,,
国,gwok3,,,,,,,,
昌,coeng1,,,,,,,,
畅,coeng3,,,,,,,,
明,ming4,,,,,,,,
易,ji6,jik6,,,,,,,
昂,ngong4,ngong5,,,,,,,
典,din2,,,,,,,,
固,gu3,,,,,,,,
忠,zung1,,,,,,,,
咐,fu3,fu6,,,,,,,
呼,fu1,,,,,,,,
鸣,ming4,,,,,,,,
咏,wing6,,,,,,,,
呢,ne1,nei1,nei4,ni1,,,,,
岸,ngon6,,,,,,,,
岩,ngaam4,,,,,,,,
帖,tip3,,,,,,,,
罗,lo4,,,,,,,,
帜,ci3,,,,,,,,
岭,leng5,ling5,,,,,,,
凯,hoi2,ngoi2,,,,,,,
败,,,,,,,,,
贩,faan3,faan5,,,,,,,
购,gau3,kau3,,,,,,,
图,tou4,,,,,,,,
钓,diu3,,,,,,,,
制,zai3,,,,,,,,
知,zi1,zi3,,,,,,,
垂,seoi4,,,,,,,,
牧,muk6,,,,,,,,
物,mat6,,,,,,,,
乖,gwaai1,,,,,,,,
刮,gwaat3,,,,,,,,
秆,gon2,,,,,,,,
和,wo4,wo6,wu4,,,,,,
季,gwai3,,,,,,,,
委,wai1,wai2,,,,,,,
佳,gaai1,,,,,,,,
侍,si6,,,,,,,,
供,gung1,gung3,,,,,,,
使,sai2,si2,si3,,,,,,
例,lai6,,,,,,,,
版,baan2,,,,,,,,
侄,zat6,,,,,,,,
侦,zing1,,,,,,,,
侧,zak1,,,,,,,,
凭,bang6,pang4,,,,,,,
侨,kiu4,,,,,,,,
佩,pui3,,,,,,,,
货,,,,,,,,,
依,ji1,,,,,,,,
的,dik1,,,,,,,,
迫,baak1,baak3,bik1,,,,,,
质,zat1,zi3,,,,,,,
欣,jan1,,,,,,,,
征,zi2,zing1,,,,,,,
往,wong5,,,,,,,,
爬,paa4,,,,,,,,
彼,bei2,,,,,,,,
径,ging3,,,,,,,,
所,so2,,,,,,,,
舍,se2,se3,se5,,,,,,
金,gam1,,,,,,,,
命,meng6,ming6,,,,,,,
斧,fu2,,,,,,,,
爸,baa1,baa4,,,,,,,
采,coi2,coi3,,,,,,,
受,sau6,,,,,,,,
乳,jyu5,,,,,,,,
贪,taam1,,,,,,,,
念,nim6,,,,,,,,
贫,pan4,,,,,,,,
肤,fu1,,,,,,,,
肺,fai3,pui3,,,,,,,
肢,zi1,,,,,,,,
肿,zung2,,,,,,,,
胀,zoeng3,,,,,,,,
朋,pang4,,,,,,,,
股,gu2,,,,,,,,
肥,fai6,fei4,,,,,,,
服,fuk6,,,,,,,,
胁,hip3,,,,,,,,
周,zau1,,,,,,,,
昏,fan1,,,,,,,,
鱼,jyu4,,,,,,,,
兔,tou3,,,,,,,,
狐,wu4,,,,,,,,
忽,fat1,,,,,,,,
狗,gau2,,,,,,,,
备,bei6,,,,,,,,
饰,sik1,,,,,,,,
饱,baau2,,,,,,,,
饲,zi6,,,,,,,,
变,bin3,,,,,,,,
京,ging1,jyun4,,,,,,,
享,hoeng2,,,,,,,,
店,dim3,,,,,,,,
夜,je6,,,,,,,,
庙,miu6,,,,,,,,
府,fu2,,,,,,,,
底,dai2,"dik1	",,,,,,,
剂,zai1,zai6,,,,,,,
郊,gaau1,,,,,,,,
废,fai3,,,,,,,,
净,zeng6,zing6,,,,,,,
盲,maang4,,,,,,,,
放,"fong2	",fong3,,,,,,,
刻,haak1,hak1,,,,,,,
育,juk6,,,,,,,,
闸,zaap6,,,,,,,,
闹,naau6,,,,,,,,
郑,zeng6,,,,,,,,
券,gyun3,hyun3,,,,,,,
卷,gyun2,gyun3,kyun4,,,,,,
单,daan1,sim4,sin4,sin6,,,,,
炒,caau2,,,,,,,,
炊,ceoi1,ceoi3,,,,,,,
炕,hong3,kong3,,,,,,,
炎,jim4,,,,,,,,
炉,lou4,,,,,,,,
沫,mut3,mut6,,,,,,,
浅,cin2,,,,,,,,
法,faat3,fat3,,,,,,,
泄,jai6,sit3,,,,,,,
河,ho4,,,,,,,,
沾,zim1,,,,,,,,
泪,leoi6,,,,,,,,
油,jau4,,,,,,,,
泊,baak3,paak3,bok6,,,,,,
沿,jyun4,,,,,,,,
泡,paau1,pou5,,,,,,,
注,zyu3,,,,,,,,
泻,se2,se3,,,,,,,
泳,wing6,,,,,,,,
泥,nai4,nei6,,,,,,,
沸,fai3,,,,,,,,
波,bo1,,,,,,,,
泼,put3,,,,,,,,
泽,zaak6,,,,,,,,
治,ci4,zi6,,,,,,,
怖,bou3,,,,,,,,
性,sing3,,,,,,,,
怕,paa3,,,,,,,,
怜,lin4,,,,,,,,
怪,gwaai3,,,,,,,,
学,hok6,,,,,,,,
宝,bou2,,,,,,,,
宗,zung1,,,,,,,,
定,deng6,ding3,ding6,,,,,,
宜,ji4,,,,,,,,
审,sam2,,,,,,,,
宙,zau6,,,,,,,,
官,gun1,,,,,,,,
空,hung1,hung3,,,,,,,
帘,lim4,,,,,,,,
实,sat6,,,,,,,,
试,si3,si5,,,,,,,
郎,long4,,,,,,,,
诗,si1,,,,,,,,
肩,gin1,,,,,,,,
房,fong4,pong4,,,,,,,
诚,sing4,sing2,,,,,,,
衬,can3,,,,,,,,
衫,saam1,,,,,,,,
视,si6,,,,,,,,
话,waa6,,,,,,,,
诞,daan3,daan6,,,,,,,
询,seon1,,,,,,,,
该,goi1,,,,,,,,
详,coeng4,,,,,,,,
建,gin3,,,,,,,,
肃,suk1,,,,,,,,
录,luk6,,,,,,,,
隶,dai6,lai6,doi6,,,,,,
居,gei1,geoi1,,,,,,,
届,gaai3,,,,,,,,
刷,caat3,saat3,,,,,,,
屈,wat1,,,,,,,,
弦,jin4,jyun4,,,,,,,
承,cing2,sing4,,,,,,,
孟,maang6,,,,,,,,
孤,gu1,,,,,,,,
陕,sim2,,,,,,,,
降,gong3,hong4,,,,,,,
限,haan6,,,,,,,,
妹,mui6,,,,,,,,
姑,gu1,,,,,,,,
姐,ze2,,,,,,,,
姓,seng3,sing3,,,,,,,
始,ci2,,,,,,,,
驾,gaa3,,,,,,,,
参,caam1,saam1,cam1,sam1,,,,,
艰,gaan1,,,,,,,,
线,sin3,,,,,,,,
练,lin6,,,,,,,,
组,zou2,,,,,,,,
细,sai3,,,,,,,,
驶,sai2,si2,,,,,,,
织,zik1,,,,,,,,
终,zung1,,,,,,,,
驻,zyu3,,,,,,,,
驼,to4,,,,,,,,
绍,siu6,,,,,,,,
经,ging1,,,,,,,,
贯,gun3,,,,,,,,
奏,zau3,,,,,,,,
春,ceon1,,,,,,,,
帮,bong1,,,,,,,,
珍,zan1,,,,,,,,
玻,bo1,,,,,,,,
毒,duk1,duk6,,,,,,,
型,jing4,,,,,,,,
挂,gwaa3,kwaa3,,,,,,,
封,fung1,,,,,,,,
持,ci4,ci2,,,,,,,
项,hong6,,,,,,,,
垮,kwaa1,,,,,,,,
挎,kwaa3,fu1,,,,,,,
城,seng4,sing4,,,,,,,
挠,naau4,naau5,,,,,,,
政,zing3,,,,,,,,
赴,fu6,,,,,,,,
赵,ziu6,,,,,,,,
挡,dong2,dong3,,,,,,,
挺,ting2,ting5,,,,,,,
括,gwaat3,kut3,,,,,,,
拴,saan1,,,,,,,,
拾,sap6,,,,,,,,
挑,tiu1,tiu5,tou1,,,,,,
指,zi2,,,,,,,,
垫,dim3,din2,din3,din6,zin3,dip6,,,
挣,zaang1,zaang6,zang1,,,,,,
挤,zai1,,,,,,,,
拼,ping1,ping3,,,,,,,
挖,waa1,waat3,,,,,,,
按,on3,ngon3,ngon3,,,,,,
挥,fai1,,,,,,,,
挪,no4,,,,,,,,
某,mau5,,,,,,,,
甚,sam6,sap6,,,,,,,
革,gaak3,gaap3,gik1,,,,,,
荐,zin3,,,,,,,,
巷,hong6,,,,,,,,
带,daai3,,,,,,,,
草,cou2,,,,,,,,
茧,gaan2,gin2,,,,,,,
茶,caa4,caa4,,,,,,,
荒,fong1,,,,,,,,
茫,mong4,,,,,,,,
荡,dong6,,,,,,,,
荣,wing4,,,,,,,,
故,gu3,,,,,,,,
胡,wu4,,,,,,,,
南,naam4,,,,,,,,
药,joek3,joek6,,,,,,,
标,biu1,,,,,,,,
枯,fu1,,,,,,,,
柄,beng3,bing3,,,,,,,
栋,dung3,dung6,,,,,,,
相,soeng1,soeng3,,,,,,,
查,caa4,zaa1,caa2,,,,,,
柏,baak3,paak3,paak3,,,,,,
柳,lau5,,,,,,,,
柱,cyu5,,,,,,,,
柿,ci2,ci5,,,,,,,
栏,laan4,,,,,,,,
树,syu6,,,,,,,,
要,jiu1,jiu3,,,,,,,
咸,haam4,,,,,,,,
威,wai1,,,,,,,,
歪,waai1,me2,,,,,,,
研,ngaan4,jin4,jin6,,,,,,
砖,zyun1,,,,,,,,
厘,lei4,,,,,,,,
厚,hau5,,,,,,,,
砌,cai3,,,,,,,,
砍,ham2,,,,,,,,
面,min6,,,,,,,,
耐,noi6,,,,,,,,
耍,saa2,,,,,,,,
牵,hin1,,,,,,,,
残,caan4,,,,,,,,
殃,joeng1,,,,,,,,
轻,heng1,hing1,,,,,,,
鸦,aa1,ngaa1,,,,,,,
皆,gaai1,,,,,,,,
背,bui3,bui6,bui2,,,,,,
战,zin3,,,,,,,,
点,dim2,,,,,,,,
临,lam4,lam6,,,,,,,
览,laam5,,,,,,,,
竖,syu6,,,,,,,,
省,saang2,sing2,,,,,,,
削,soek3,,,,,,,,
尝,soeng4,,,,,,,,
是,si6,,,,,,,,
盼,paan3,,,,,,,,
眨,zaam2,zaap3,,,,,,,
哄,hung1,hung3,hung6,,,,,,
显,hin2,,,,,,,,
哑,aa2,ak1,,,,,,,
冒,mak6,mou6,,,,,,,
映,jing2,,,,,,,,
星,seng1,sing1,,,,,,,
昨,zok3,zok6,,,,,,,
畏,wai3,,,,,,,,
趴,paa1,,,,,,,,
胃,wai6,,,,,,,,
贵,gwai3,,,,,,,,
界,gaai3,,,,,,,,
虹,hung4,,,,,,,,
虾,haa1,haa4,,,,,,,
蚁,ngai5,,,,,,,,
思,si1,si3,soi1,,,,,,
蚂,maa1,maa5,maa6,,,,,,
虽,seoi1,,,,,,,,
品,ban2,,,,,,,,
咽,jin1,jin3,jit3,,,,,,
骂,maa6,,,,,,,,
哗,faa1,waa1,waa4,jip6,,,,,
咱,zaa1,,,,,,,,
响,hoeng2,,,,,,,,
哈,haa1,haa5,kaa1,haai1,,,,,
咬,ngaau5,,,,,,,,
咳,haai1,kat1,hei1,hoi4,koi3,,,,
哪,naa1,naa4,naa5,no4,,,,,
炭,taan3,,,,,,,,
峡,haap6,,,,,,,,
罚,fat6,,,,,,,,
贱,zin6,,,,,,,,
贴,tip3,,,,,,,,
骨,gwat1,,,,,,,,
钞,caau1,caau3,caau3,,,,,,
钟,zung1,,,,,,,,
钢,gong1,gong3,,,,,,,
钥,joek6,,,,,,,,
钩,au1,gau1,ngau1,,,,,,
卸,se3,,,,,,,,
缸,gong1,,,,,,,,
拜,baai1,baai3,,,,,,,
看,hon1,hon3,,,,,,,
矩,geoi2,,,,,,,,
怎,zam2,,,,,,,,
牲,saang1,sang1,,,,,,,
选,syun2,,,,,,,,
适,dik1,sik1,kut3,,,,,,
秒,miu5,,,,,,,,
香,hoeng1,,,,,,,,
种,cung4,zung2,zung3,,,,,,
秋,cau1,,,,,,,,
科,fo1,,,,,,,,
重,cung4,cung5,zung6,,,,,,
复,fuk1,fuk6,,,,,,,
竿,gon1,,,,,,,,
段,dyun6,,,,,,,,
便,bin2,bin6,pin4,bin2,,,,,
俩,loeng5,,,,,,,,
贷,taai3,tik1,,,,,,,
顺,seon6,,,,,,,,
修,sau1,,,,,,,,
保,bou2,,,,,,,,
促,cuk1,,,,,,,,
侮,mou5,,,,,,,,
俭,gim6,,,,,,,,
俗,zuk6,,,,,,,,
俘,fu1,,,,,,,,
信,seon3,,,,,,,,
皇,wong4,,,,,,,,
泉,cyun4,,,,,,,,
鬼,gwai2,,,,,,,,
侵,cam1,,,,,,,,
追,zeoi1,,,,,,,,
俊,zeon3,,,,,,,,
盾,seon5,teon5,,,,,,,
待,daai1,"doi6	",,,,,,,
律,leot6,,,,,,,,
很,han2,,,,,,,,
须,seoi1,,,,,,,,
叙,zeoi6,,,,,,,,
剑,gim3,,,,,,,,
逃,tou4,,,,,,,,
食,ji6,zi6,sik6,,,,,,
盆,pun4,,,,,,,,
胆,daam2,,,,,,,,
胜,saang1,sing1,sing3,,,,,,
胞,baau1,paau1,,,,,,,
胖,bun6,pun3,pun4,,,,,,
脉,maak6,mak6,,,,,,,
勉,min5,,,,,,,,
狭,haap6,gip6,,,,,,,
狮,si1,,,,,,,,
独,duk6,,,,,,,,
狡,gaau2,,,,,,,,
狱,juk6,,,,,,,,
狠,han2,,,,,,,,
贸,mau6,,,,,,,,
怨,jyun3,,,,,,,,
急,gap1,,,,,,,,
饶,jiu4,,,,,,,,
蚀,sik6,,,,,,,,
饺,gaau2,,,,,,,,
饼,beng2,bing2,,,,,,,
弯,waan1,,,,,,,,
将,coeng1,zoeng1,zoeng3,,,,,,
奖,zoeng2,,,,,,,,
哀,ngoi1,oi1,,,,,,,
亭,ting4,,,,,,,,
亮,loeng6,,,,,,,,
度,dok6,dou6,,,,,,,
迹,zek3,zik1,,,,,,,
庭,ting4,,,,,,,,
疮,cong1,,,,,,,,
疯,fung1,,,,,,,,
疫,jik6,,,,,,,,
疤,baa1,,,,,,,,
姿,zi1,,,,,,,,
亲,can1,can3,,,,,,,
音,jam1,,,,,,,,
帝,dai3,,,,,,,,
施,ji6,si1,,,,,,,
闻,man4,man6,,,,,,,
阀,fat6,,,,,,,,
阁,gok3,,,,,,,,
差,caa1,caai1,ci1,co1,,,,,
养,joeng5,joeng6,,,,,,,
美,mei5,,,,,,,,
姜,goeng1,,,,,,,,
叛,bun6,,,,,,,,
送,sung3,,,,,,,,
类,leoi6,,,,,,,,
迷,mai4,,,,,,,,
前,cin4,,,,,,,,
首,sau2,sau3,,,,,,,
逆,ngaak6,jik6,,,,,,,
总,zung2,,,,,,,,
炼,lin6,,,,,,,,
炸,zaa3,,,,,,,,
炮,baau1,paau3,,,,,,,
烂,laan6,,,,,,,,
剃,tai3,,,,,,,,
洁,git3,,,,,,,,
洪,hung4,,,,,,,,
洒,saa2,sai2,,,,,,,
浇,giu1,hiu1,jiu6,ngou6,,,,,
浊,zuk6,,,,,,,,
洞,dung6,tung4,,,,,,,
测,caak1,cak1,,,,,,,
洗,sai2,,,,,,,,
活,kut3,wut6,,,,,,,
派,paai3,,,,,,,,
洽,haap6,hap1,hap6,,,,,,
染,jim5,,,,,,,,
济,zai2,zai3,,,,,,,
洋,joeng4,,,,,,,,
洲,zau1,,,,,,,,
浑,gwan2,wan4,wan6,,,,,,
浓,jung4,nung4,,,,,,,
津,zeon1,,,,,,,,
恒,gang2,"hang4	",,,,,,,
恢,fui1,,,,,,,,
恰,hap1,,,,,,,,
恼,nou5,,,,,,,,
恨,han6,,,,,,,,
举,geoi2,,,,,,,,
觉,gaau3,gok3,,,,,,,
宣,syun1,,,,,,,,
室,sat1,,,,,,,,
宫,gung1,,,,,,,,
宪,hin3,,,,,,,,
突,dat6,,,,,,,,
穿,cyun1,,,,,,,,
窃,sit3,,,,,,,,
客,haak3,,,,,,,,
冠,gun1,gun3,,,,,,,
语,jyu5,jyu6,,,,,,,
扁,bin2,pin1,,,,,,,
袄,ou2,ou3,ngou2,ngou3,ngou2,ngou3,,,
祖,zou2,,,,,,,,
神,san1,san4,,,,,,,
祝,zuk1,,,,,,,,
误,ng6,,,,,,,,
诱,jau5,,,,,,,,
说,seoi3,jyut6,syut3,,,,,,
诵,zung6,,,,,,,,
垦,han2,,,,,,,,
退,teoi3,,,,,,,,
既,gei3,,,,,,,,
屋,uk1,,,,,,,,
昼,zau3,,,,,,,,
费,fai3,bei3,,,,,,,
陡,dau2,,,,,,,,
眉,mei4,,,,,,,,
孩,haai4,hoi4,,,,,,,
除,ceoi4,cyu1,cyu4,zyu6,,,,,
险,him2,,,,,,,,
院,jyun2,jyun6,,,,,,,
娃,waa1,,,,,,,,
姥,lou5,mou5,,,,,,,
姨,ji4,,,,,,,,
姻,jan1,,,,,,,,
娇,giu1,,,,,,,,
怒,nou6,,,,,,,,
架,gaa3,,,,,,,,
贺,ho3,ho6,,,,,,,
盈,jing4,,,,,,,,
勇,jung5,,,,,,,,
怠,doi6,toi5,,,,,,,
柔,jau4,,,,,,,,
垒,leoi5,leot6,,,,,,,
绑,bong2,,,,,,,,
绒,jung4,,,,,,,,
结,git3,lit3,,,,,,,
绕,jiu2,jiu5,,,,,,,
骄,giu1,,,,,,,,
绘,kui2,kui3,,,,,,,
给,kap1,,,,,,,,
络,lok3,lok6,,,,,,,
骆,lok3,lok6,,,,,,,
绝,zyut3,zyut6,,,,,,,
绞,gaau2,haau4,,,,,,,
统,tung2,,,,,,,,
耕,gaang1,gang1,,,,,,,
耗,hou3,,,,,,,,
艳,jim6,,,,,,,,
泰,taai3,,,,,,,,
珠,zyu1,,,,,,,,
班,baan1,,,,,,,,
素,sou3,,,,,,,,
蚕,caam4,caam2,,,,,,,
顽,waan4,,,,,,,,
盏,zaan2,,,,,,,,
匪,fei2,,,,,,,,
捞,,,,,,,,,
栽,zoi1,,,,,,,,
捕,bou6,,,,,,,,
振,zan3,zan1,,,,,,,
载,zoi2,zoi3,,,,,,,
赶,gon2,,,,,,,,
起,hei2,,,,,,,,
盐,jim4,,,,,,,,
捎,saau1,,,,,,,,
捏,nip6,,,,,,,,
埋,maai4,,,,,,,,
捉,zuk1,zuk3,,,,,,,
捆,kwan2,,,,,,,,
捐,gyun1,,,,,,,,
损,,,,,,,,,
都,dou1,,,,,,,,
哲,zit3,,,,,,,,
逝,sai6,,,,,,,,
捡,,,,,,,,,
换,,,,,,,,,
挽,waan5,,,,,,,,
热,jit6,,,,,,,,
恐,hung2,,,,,,,,
壶,wu4,,,,,,,,
挨,aai1,ngaai1,ngaai4,oi2,ngoi2,ngaai1,ngaai4,oi2,ngoi2
耻,ci2,,,,,,,,
耽,daam1,,,,,,,,
恭,gung1,,,,,,,,
莲,lin4,,,,,,,,
莫,mok6,mou6,,,,,,,
荷,ho4,ho6,,,,,,,
获,waai4,wok6,,,,,,,
晋,zeon3,,,,,,,,
恶,ok3,ngok3,fu1,wu1,wu3,,,,
真,zan1,,,,,,,,
框,kwaang1,hong1,,,,,,,
桂,gwai3,,,,,,,,
档,dong2,dong3,,,,,,,
桐,tung4,,,,,,,,
株,zyu1,,,,,,,,
桥,kiu4,,,,,,,,
桃,tou4,,,,,,,,
格,gaak3,,,,,,,,
校,gaau3,haau6,,,,,,,
核,hat6,,,,,,,,
样,joeng6,,,,,,,,
根,gan1,,,,,,,,
索,saak3,sok3,suk3,,,,,,
哥,go1,,,,,,,,
速,cuk1,,,,,,,,
逗,dau6,,,,,,,,
栗,leot6,,,,,,,,
配,pui3,,,,,,,,
翅,ci3,,,,,,,,
辱,juk6,,,,,,,,
唇,seon4,,,,,,,,
夏,haa6,,,,,,,,
础,co2,,,,,,,,
破,po3,,,,,,,,
原,jyun4,,,,,,,,
套,tou3,,,,,,,,
逐,zuk6,,,,,,,,
烈,lit6,,,,,,,,
殊,syu4,,,,,,,,
顾,gu3,,,,,,,,
轿,giu2,giu6,kiu4,,,,,,
较,gaau3,gok3,,,,,,,
顿,deon6,duk6,,,,,,,
毙,bai6,,,,,,,,
致,zi3,,,,,,,,
柴,caai4,"zaai6	",caai2,,,,,,
桌,coek3,zoek3,,,,,,,
虑,leoi6,lou4,luk6,,,,,,
监,gaam1,gaam3,,,,,,,
紧,gan2,,,,,,,,
党,dong2,tong2,,,,,,,
晒,saai3,,,,,,,,
眠,min4,,,,,,,,
晓,hiu2,,,,,,,,
鸭,aap3,ngaap3,,,,,,,
晃,fong2,,,,,,,,
晌,hoeng2,,,,,,,,
晕,wan4,wan6,,,,,,,
蚊,man1,man4,,,,,,,
哨,saau3,,,,,,,,
哭,huk1,,,,,,,,
恩,jan1,,,,,,,,
唤,wun6,,,,,,,,
啊,aa1,aa2,aa3,aa4,haa2,haa4,aa2,aa6,
唉,aai1,ngaai1,oi1,ngoi1,aai3,aai6,ngaai1,ngaai3,ngaai6
罢,baa6,pei4,baa2,,,,,,
峰,fung1,,,,,,,,
圆,jyun4,,,,,,,,
贼,caak6,,,,,,,,
贿,fui2,kui2,,,,,,,
钱,cin4,zin2,,,,,,,
钳,kim4,,,,,,,,
钻,zyun1,zyun3,,,,,,,
铁,tit3,,,,,,,,
铃,ling4,,,,,,,,
铅,jyun4,,,,,,,,
缺,kyut3,,,,,,,,
氧,joeng5,,,,,,,,
特,dak6,,,,,,,,
牺,hei1,,,,,,,,
造,cou3,cou5,zou6,,,,,,
乘,sing4,sing6,,,,,,,
敌,dik6,,,,,,,,
秤,cing3,"ping4	",,,,,,,
租,zou1,,,,,,,,
积,zik1,,,,,,,,
秧,joeng1,,,,,,,,
秩,dit6,,,,,,,,
称,can3,cing1,cing3,,,,,,
秘,bai3,bei3,,,,,,,
透,tau3,,,,,,,,
笔,bat1,,,,,,,,
笑,siu3,,,,,,,,
笋,seon2,,,,,,,,
债,zaai3,,,,,,,,
借,ze3,,,,,,,,
值,zik6,,,,,,,,
倚,ji2,,,,,,,,
倾,king1,,,,,,,,
倒,dou2,dou3,,,,,,,
倘,tong2,,,,,,,,
俱,geoi1,keoi1,,,,,,,
倡,coeng1,coeng3,,,,,,,
候,hau6,,,,,,,,
俯,fu2,,,,,,,,
倍,bui3,pui5,bui3,,,,,,
倦,gyun6,,,,,,,,
健,gin6,,,,,,,,
臭,cau3,,,,,,,,
射,je6,se6,jik6,,,,,,
躬,gung1,,,,,,,,
息,sik1,,,,,,,,
徒,tou4,,,,,,,,
徐,ceoi4,,,,,,,,
舰,laam6,,,,,,,,
舱,cong1,,,,,,,,
般,bo1,bun1,pun4,but3,pun4,but3,,,
航,hong4,,,,,,,,
途,tou4,,,,,,,,
拿,naa4,,,,,,,,
爹,de1,,,,,,,,
爱,oi3,ngoi3,ngoi3,,,,,,
颂,zung6,jung4,,,,,,,
翁,jung1,,,,,,,,
脆,ceoi3,,,,,,,,
脂,zi1,,,,,,,,
胸,hung1,,,,,,,,
胳,gaak3,gok3,lok3,,,,,,
脏,zong1,zong6,,,,,,,
胶,gaau1,,,,,,,,
脑,nou5,,,,,,,,
狸,lei4,,,,,,,,
狼,long4,,,,,,,,
逢,fung4,pung4,,,,,,,
留,lau4,,,,,,,,
皱,zau3,,,,,,,,
饿,ngo6,,,,,,,,
恋,lyun2,lyun5,,,,,,,
桨,zoeng2,,,,,,,,
浆,zoeng1,,,,,,,,
衰,ceoi1,seoi1,,,,,,,
高,gou1,,,,,,,,
席,zek6,zik6,,,,,,,
准,zeon2,,,,,,,,
座,zo6,,,,,,,,
脊,zek3,zik3,,,,,,,
症,zing1,zing3,,,,,,,
病,beng6,bing6,,,,,,,
疾,zaat6,zat6,,,,,,,
疼,tang4,tung3,,,,,,,
疲,pei4,,,,,,,,
效,haau6,,,,,,,,
离,lei4,lei6,,,,,,,
唐,tong4,,,,,,,,
资,zi1,,,,,,,,
凉,loeng4,loeng6,,,,,,,
站,zaam6,,,,,,,,
剖,pau2,,,,,,,,
竞,ging3,ging6,,,,,,,
部,bou6,,,,,,,,
旁,pong4,,,,,,,,
旅,"leoi3	",leoi5,,,,,,,
畜,cuk1,,,,,,,,
阅,jyut6,,,,,,,,
羞,sau1,,,,,,,,
瓶,peng4,ping4,,,,,,,
拳,kyun4,,,,,,,,
粉,fan2,,,,,,,,
料,liu2,liu6,,,,,,,
益,jik1,,,,,,,,
兼,gim1,,,,,,,,
烤,haau1,haau2,,,,,,,
烘,hong3,hung1,hung3,hung4,,,,,
烦,faan4,,,,,,,,
烧,siu1,,,,,,,,
烛,zuk1,,,,,,,,
烟,jin1,,,,,,,,
递,daai3,dai6,"sai6	",,,,,,
涛,tou4,,,,,,,,
浙,zit3,,,,,,,,
涝,lou4,lou6,,,,,,,
酒,zau2,,,,,,,,
涉,sip3,,,,,,,,
消,siu1,,,,,,,,
浩,hou6,,,,,,,,
海,hoi2,,,,,,,,
涂,tou4,,,,,,,,
浴,juk6,,,,,,,,
浮,fau4,,,,,,,,
流,lau4,,,,,,,,
润,jeon6,,,,,,,,
浪,long4,long6,,,,,,,
浸,cam1,zam3,,,,,,,
涨,zoeng2,zoeng3,,,,,,,
烫,tong3,,,,,,,,
涌,cung1,jung2,,,,,,,
悟,ng6,,,,,,,,
悄,ciu2,ciu5,,,,,,,
悔,fui3,,,,,,,,
悦,jyut6,,,,,,,,
害,hoi6,hot3,hot6,,,,,,
宽,fun1,,,,,,,,
家,gaa1,ze1,gu1,,,,,,
宵,siu1,,,,,,,,
宴,jin3,,,,,,,,
宾,ban1,ban3,ban3,,,,,,
窄,zaak3,,,,,,,,
容,jung4,,,,,,,,
宰,zoi2,,,,,,,,
案,on3,ngon3,ngon3,,,,,,
请,ceng2,cing2,,,,,,,
朗,long5,,,,,,,,
诸,zyu1,,,,,,,,
读,dau6,duk6,,,,,,,
扇,sin3,,,,,,,,
袜,maat6,mat6,,,,,,,
袖,zau6,,,,,,,,
袍,pou4,,,,,,,,
被,bei6,pei1,pei5,,,,,,
祥,coeng4,,,,,,,,
课,fo3,,,,,,,,
谁,seoi4,,,,,,,,
调,deu6,diu6,tiu4,,,,,,
冤,jyun1,,,,,,,,
谅,loeng4,loeng6,,,,,,,
谈,taam4,,,,,,,,
谊,ji4,ji6,,,,,,,
剥,bok1,mok1,,,,,,,
恳,han2,,,,,,,,
展,zin2,,,,,,,,
剧,kek6,,,,,,,,
屑,sit3,,,,,,,,
弱,joek6,,,,,,,,
陵,ling4,,,,,,,,
陶,jiu4,tou4,,,,,,,
陷,haam6,ham6,,,,,,,
陪,pui4,,,,,,,,
娱,jyu4,,,,,,,,
娘,noeng4,,,,,,,,
通,tung1,,,,,,,,
能,nang4,,,,,,,,
难,naan4,naan6,no4,,,,,,
预,jyu6,,,,,,,,
桑,song1,,,,,,,,
绢,gyun3,,,,,,,,
绣,sau3,,,,,,,,
验,jim6,,,,,,,,
继,gai3,,,,,,,,
球,kau4,,,,,,,,
理,lei5,,,,,,,,
捧,,,,,,,,,
堵,ze2,dou2,,,,,,,
描,miu4,,,,,,,,
域,wik6,,,,,,,,
掩,jim2,,,,,,,,
捷,zit3,zit6,,,,,,,
排,paai4,,,,,,,,
掉,zaau6,deu6,diu6,,,,,,
堆,deoi1,zeoi1,,,,,,,
推,teoi1,,,,,,,,
掀,hin1,,,,,,,,
授,sau6,,,,,,,,
教,gaau1,gaau3,,,,,,,
掏,tou4,,,,,,,,
掠,loek6,,,,,,,,
培,pui4,,,,,,,,
接,zip3,,,,,,,,
控,hung3,,,,,,,,
探,taam1,taam3,,,,,,,
据,,,,,,,,,
掘,gwat6,,,,,,,,
职,zik1,,,,,,,,
基,gei1,,,,,,,,
著,zoek3,zoek6,zyu3,,,,,,
勒,laak6,lak6,,,,,,,
黄,wong4,,,,,,,,
萌,mang4,,,,,,,,
萝,lo4,,,,,,,,
菌,kwan2,kwan5,,,,,,,
菜,coi3,coi2,,,,,,,
萄,tou4,,,,,,,,
菊,guk1,,,,,,,,
萍,ping4,,,,,,,,
菠,bo1,,,,,,,,
营,jing4,,,,,,,,
械,haai6,,,,,,,,
梦,mung4,mung6,,,,,,,
梢,saau1,,,,,,,,
梅,mui4,,,,,,,,
检,gim2,,,,,,,,
梳,so1,,,,,,,,
梯,tai1,,,,,,,,
桶,tung2,,,,,,,,
救,gau3,,,,,,,,
副,pik1,fu3,,,,,,,
票,biu1,piu3,,,,,,,
戚,cik1,,,,,,,,
爽,song2,,,,,,,,
聋,lung4,,,,,,,,
袭,zaap6,,,,,,,,
盛,sing4,sing6,,,,,,,
雪,syut3,,,,,,,,
辅,fu6,,,,,,,,
辆,loeng6,,,,,,,,
虚,heoi1,,,,,,,,
雀,zoek3,,,,,,,,
堂,tong4,,,,,,,,
常,soeng4,,,,,,,,
匙,ci4,si4,ci2,,,,,,
晨,san4,,,,,,,,
睁,zaang1,,,,,,,,
眯,mai4,mai5,mei1,mi1,,,,,
眼,ngaan5,,,,,,,,
悬,jyun4,,,,,,,,
野,je5,,,,,,,,
啦,laa1,,,,,,,,
晚,maan5,,,,,,,,
啄,doek3,,,,,,,,
距,geoi6,keoi5,,,,,,,
跃,joek3,joek6,,,,,,,
略,loek6,,,,,,,,
蛇,se4,ji4,,,,,,,
累,leoi4,leoi5,leoi6,,,,,,
唱,coeng3,,,,,,,,
患,waan6,,,,,,,,
唯,wai2,wai4,,,,,,,
崖,ngaai4,,,,,,,,
崭,,,,,,,,,
崇,sung4,,,,,,,,
圈,gyun6,hyun1,,,,,,,
铜,tung4,,,,,,,,
铲,caan2,,,,,,,,
银,ngan4,,,,,,,,
甜,tim4,,,,,,,,
梨,lei4,,,,,,,,
犁,lai4,,,,,,,,
移,ji4,,,,,,,,
笨,ban6,,,,,,,,
笼,lung4,"lung5	",,,,,,,
笛,dek6,,,,,,,,
符,fu4,,,,,,,,
第,dai6,,,,,,,,
敏,man5,,,,,,,,
做,zou6,,,,,,,,
袋,doi6,,,,,,,,
悠,jau4,,,,,,,,
偿,soeng4,,,,,,,,
偶,ngau5,,,,,,,,
偷,tau1,,,,,,,,
您,nei5,,,,,,,,
售,sau6,,,,,,,,
停,ting4,,,,,,,,
偏,pin1,,,,,,,,
假,gaa2,gaa3,,,,,,,
得,dak1,,,,,,,,
衔,haam4,ham4,,,,,,,
盘,pun4,,,,,,,,
船,syun4,,,,,,,,
斜,ce4,je4,,,,,,,
盒,haap6,hap6,,,,,,,
鸽,gaap3,gap3,,,,,,,
悉,sik1,,,,,,,,
欲,juk6,,,,,,,,
彩,coi2,,,,,,,,
领,leng5,ling5,,,,,,,
脚,goek3,gok3,,,,,,,
脖,but6,,,,,,,,
脸,lim5,,,,,,,,
脱,tyut3,,,,,,,,
象,zoeng6,,,,,,,,
够,gau3,,,,,,,,
猜,caai1,,,,,,,,
猪,zyu1,,,,,,,,
猎,lip6,,,,,,,,
猫,maau1,maau4,miu4,,,,,,
猛,maang5,,,,,,,,
馅,haam6,haam2,,,,,,,
馆,gun2,,,,,,,,
凑,cau3,,,,,,,,
减,gaam2,,,,,,,,
毫,hou4,,,,,,,,
麻,maa4,,,,,,,,
痒,joeng5,,,,,,,,
痕,han4,,,,,,,,
廊,long4,,,,,,,,
康,hong1,,,,,,,,
庸,jung4,,,,,,,,
鹿,luk6,,,,,,,,
盗,dou6,,,,,,,,
章,zoeng1,,,,,,,,
竟,ging2,,,,,,,,
商,soeng1,,,,,,,,
族,zuk6,,,,,,,,
旋,syun4,,,,,,,,
望,mong6,,,,,,,,
率,seoi3,leot6,seot1,,,,,,
着,zoek3,zoek6,zyu3,,,,,,
盖,gap3,hap6,goi3,koi3,,,,,
粘,nim4,zim1,,,,,,,
粗,cou1,,,,,,,,
粒,lap1,nap1,,,,,,,
断,dyun3,dyun6,tyun5,,,,,,
剪,zin2,,,,,,,,
兽,sau3,,,,,,,,
清,ceng1,cing1,,,,,,,
添,tim1,,,,,,,,
淋,lam4,,,,,,,,
淹,jim1,,,,,,,,
渠,,,,,,,,,
渐,caam4,zim1,zim6,,,,,,
混,gwan2,wan4,wan6,,,,,,
渔,jyu4,,,,,,,,
淘,tou4,,,,,,,,
液,jat6,jik6,,,,,,,
淡,daam6,taam4,taam5,jim5,,,,,
深,sam1,,,,,,,,
婆,po4,,,,,,,,
梁,loeng4,,,,,,,,
渗,sam3,,,,,,,,
情,cing4,,,,,,,,
惜,sik1,,,,,,,,
惭,caam4,,,,,,,,
悼,dou6,,,,,,,,
惧,geoi2,geoi6,,,,,,,
惕,tik1,,,,,,,,
惊,geng1,ging1,,,,,,,
惨,caam2,,,,,,,,
惯,gwaan3,,,,,,,,
寇,kau3,,,,,,,,
寄,gei3,,,,,,,,
宿,suk1,sau3,,,,,,,
窑,jiu4,,,,,,,,
密,mat6,,,,,,,,
谋,mau4,,,,,,,,
谎,fong1,fong2,,,,,,,
祸,wo5,wo6,,,,,,,
谜,mai4,mai6,,,,,,,
逮,dai6,doi6,,,,,,,
敢,gam2,,,,,,,,
屠,tou4,,,,,,,,
弹,daan2,daan6,"taan4	",,,,,,
随,ceoi4,,,,,,,,
蛋,daan2,daan6,,,,,,,
隆,naam4,lung4,,,,,,,
隐,jan2,jan3,,,,,,,
婚,fan1,,,,,,,,
婶,sam2,,,,,,,,
颈,geng2,,,,,,,,
绩,zek3,zik1,,,,,,,
绪,seoi5,,,,,,,,
续,zuk6,,,,,,,,
骑,ke4,gei6,kei4,kei3,,,,,
绳,sing4,,,,,,,,
维,wai4,,,,,,,,
绵,min4,,,,,,,,
绸,cau4,cau2,,,,,,,
绿,luk6,,,,,,,,
琴,kam4,,,,,,,,
斑,baan1,,,,,,,,
替,tai3,,,,,,,,
款,fun2,,,,,,,,
堪,ham1,,,,,,,,
搭,daap3,,,,,,,,
塔,taap3,,,,,,,,
越,jyut6,,,,,,,,
趁,can3,,,,,,,,
趋,ceoi1,cuk1,,,,,,,
超,ciu1,,,,,,,,
提,tai4,,,,,,,,
堤,tai4,,,,,,,,
博,bok3,,,,,,,,
揭,gai6,hei3,"kit3	",,,,,,
喜,hei2,,,,,,,,
插,caap3,caap2,,,,,,,
揪,zau1,,,,,,,,
搜,sau1,sau2,,,,,,,
煮,zyu2,,,,,,,,
援,wun4,jyun4,jyun6,,,,,,
裁,coi4,,,,,,,,
搁,gok3,,,,,,,,
搂,lau1,lau4,lau5,,,,,,
搅,gaau2,,,,,,,,
握,aak1,ak1,,,,,,,
揉,jau4,,,,,,,,
斯,si1,,,,,,,,
期,gei1,kei4,,,,,,,
欺,hei1,,,,,,,,
联,lyun4,,,,,,,,
散,saan2,saan3,,,,,,,
惹,je5,,,,,,,,
葬,zong3,,,,,,,,
葛,got3,,,,,,,,
董,dung2,,,,,,,,
葡,pou4,,,,,,,,
敬,ging3,,,,,,,,
葱,cung1,,,,,,,,
落,laai3,laai6,lok6,,,,,,
朝,ciu4,ziu1,"zyu1	",,,,,,
辜,gu1,,,,,,,,
葵,kwai4,,,,,,,,
棒,paang5,,,,,,,,
棋,kei4,,,,,,,,
植,zik6,,,,,,,,
森,sam1,,,,,,,,
椅,ji1,ji2,,,,,,,
椒,ziu1,,,,,,,,
棵,fo1,fo2,po1,,,,,,
棍,gwan3,,,,,,,,
棉,min4,,,,,,,,
棚,,,,,,,,,
棕,zung1,,,,,,,,
惠,wai6,,,,,,,,
惑,waak6,,,,,,,,
逼,bik1,,,,,,,,
厨,ceoi4,cyu1,cyu4,cyu4,,,,,
厦,haa6,,,,,,,,
硬,ngaang6,,,,,,,,
确,kok3,,,,,,,,
雁,ngaan6,,,,,,,,
殖,zik6,,,,,,,,
裂,lit6,,,,,,,,
雄,hung4,,,,,,,,
暂,zaam6,,,,,,,,
雅,aa1,ngaa5,ngaa1,,,,,,
辈,bei3,bui3,,,,,,,
悲,bei1,,,,,,,,
紫,zi2,,,,,,,,
辉,fai1,,,,,,,,
敞,cong2,,,,,,,,
赏,soeng2,,,,,,,,
掌,zoeng2,,,,,,,,
晴,ceng4,cing4,,,,,,,
暑,syu2,,,,,,,,
最,zeoi3,,,,,,,,
量,loeng4,loeng6,,,,,,,
喷,fan5,pan1,pan3,,,,,,
晶,zing1,,,,,,,,
喇,laa1,laa3,,,,,,,
遇,jyu6,,,,,,,,
喊,haam3,,,,,,,,
景,ging2,jing2,,,,,,,
践,cin5,zin6,,,,,,,
跌,daat3,dit3,,,,,,,
跑,paau2,,,,,,,,
遗,wai4,wai6,,,,,,,
蛙,waa1,,,,,,,,
蛛,zyu1,,,,,,,,
蜓,ting4,,,,,,,,
喝,jit3,hot3,,,,,,,
喂,wai2,wai3,,,,,,,
喘,cyun2,,,,,,,,
喉,hau4,,,,,,,,
幅,fuk1,,,,,,,,
帽,mou2,mou6,,,,,,,
赌,dou2,,,,,,,,
赔,pui4,,,,,,,,
黑,haak1,hak1,,,,,,,
铸,zyu3,,,,,,,,
铺,pou1,pou3,,,,,,,
链,lin2,lin4,lin6,,,,,,
销,siu1,,,,,,,,
锁,so2,,,,,,,,
锄,co4,,,,,,,,
锅,wo1,,,,,,,,
锈,sau3,,,,,,,,
锋,fung1,,,,,,,,
锐,jeoi6,,,,,,,,
短,dyun2,,,,,,,,
智,zi3,,,,,,,,
毯,taam2,taan2,,,,,,,
鹅,ngo4,,,,,,,,
剩,sing6,zing6,,,,,,,
稍,saau2,,,,,,,,
程,cing4,cing2,,,,,,,
稀,hei1,,,,,,,,
税,seoi3,,,,,,,,
筐,kwaang1,hong1,,,,,,,
等,dang2,,,,,,,,
筑,zuk1,,,,,,,,
策,caak3,,,,,,,,
筛,sai1,,,,,,,,
筒,tung2,tung4,,,,,,,
答,daap3,,,,,,,,
筋,gan1,,,,,,,,
筝,zaang1,,,,,,,,
傲,ngou6,,,,,,,,
傅,fu1,fu6,,,,,,,
牌,paai4,,,,,,,,
堡,bou2,pou3,pou3,,,,,,
集,zaap6,zap6,,,,,,,
焦,ziu1,,,,,,,,
傍,bong6,pong4,bong4,,,,,,
储,cyu1,cyu4,cyu5,,,,,,
奥,ou2,ou3,ngou3,juk1,ou2,ngou3,juk1,,
街,gaai1,,,,,,,,
惩,cing4,,,,,,,,
御,ngaa6,jyu6,,,,,,,
循,ceon4,,,,,,,,
艇,teng5,ting5,,,,,,,
舒,syu1,,,,,,,,
番,faan1,bo1,po4,pun1,,,,,
释,sik1,,,,,,,,
禽,kam4,,,,,,,,
腊,laap6,lip6,,,,,,,
脾,pei4,,,,,,,,
腔,hong1,,,,,,,,
鲁,lou5,,,,,,,,
猾,waat6,,,,,,,,
猴,hau4,,,,,,,,
然,jin4,,,,,,,,
馋,caam4,,,,,,,,
装,zong1,,,,,,,,
蛮,maan4,,,,,,,,
就,zau6,,,,,,,,
痛,tung3,,,,,,,,
童,tung4,,,,,,,,
阔,fut3,,,,,,,,
善,sin6,,,,,,,,
羡,sin4,sin6,,,,,,,
普,pou2,,,,,,,,
粪,fan3,,,,,,,,
尊,zeon1,zyun1,,,,,,,
道,dou3,dou6,,,,,,,
曾,cang4,zang1,,,,,,,
焰,jim4,jim6,,,,,,,
港,gong2,,,,,,,,
湖,wu4,,,,,,,,
渣,,,,,,,,,
湿,sap1,,,,,,,,
温,wan1,,,,,,,,
渴,kit3,hot3,,,,,,,
滑,waat6,gwat1,,,,,,,
湾,waan1,waan4,,,,,,,
渡,,,,,,,,,
游,jau4,,,,,,,,
滋,zi1,,,,,,,,
溉,goi3,koi3,,,,,,,
愤,fan5,,,,,,,,
慌,fong1,fong2,,,,,,,
惰,do6,,,,,,,,
愧,kwai3,kwai5,,,,,,,
愉,jyu4,jyu6,,,,,,,
慨,koi2,koi3,,,,,,,
割,got3,,,,,,,,
寒,hon4,,,,,,,,
富,fu3,,,,,,,,
窜,cyun2,cyun3,,,,,,,
窝,wo1,,,,,,,,
窗,coeng1,,,,,,,,
遍,bin3,pin3,,,,,,,
裕,jyu6,,,,,,,,
裤,fu3,,,,,,,,
裙,kwan4,,,,,,,,
谢,ze6,,,,,,,,
谣,jiu4,,,,,,,,
谦,him1,,,,,,,,
属,suk6,zuk1,,,,,,,
屡,leoi5,,,,,,,,
强,goeng6,koeng4,koeng5,,,,,,
粥,zuk1,,,,,,,,
疏,so1,so3,,,,,,,
隔,gaak3,,,,,,,,
隙,gwik1,kwik1,,,,,,,
絮,seoi5,seoi6,,,,,,,
嫂,sou2,,,,,,,,
登,dang1,,,,,,,,
缎,dyun6,,,,,,,,
缓,wun4,wun6,,,,,,,
编,pin1,,,,,,,,
骗,pin3,,,,,,,,
缘,jyun4,,,,,,,,
瑞,seoi6,,,,,,,,
魂,wan4,,,,,,,,
肆,sei3,si3,,,,,,,
摄,sip3,,,,,,,,
摸,mo2,mok3,mok6,mou4,,,,,
填,tin4,,,,,,,,
搏,bok3,,,,,,,,
塌,taap3,,,,,,,,
鼓,gu2,,,,,,,,
摆,baai2,,,,,,,,
携,kwai4,,,,,,,,
搬,bun1,,,,,,,,
摇,jiu4,,,,,,,,
搞,gaau2,,,,,,,,
塘,tong4,,,,,,,,
摊,taan1,,,,,,,,
蒜,syun3,,,,,,,,
勤,kan4,,,,,,,,
鹊,coek3,zoek3,,,,,,,
蓝,laam4,,,,,,,,
墓,mou6,,,,,,,,
幕,mok6,,,,,,,,
蓬,fung4,pung4,,,,,,,
蓄,cuk1,,,,,,,,
蒙,mung4,,,,,,,,
蒸,zing1,,,,,,,,
献,hin3,,,,,,,,
禁,gam1,gam3,kam1,,,,,,
楚,co2,,,,,,,,
想,soeng2,,,,,,,,
槐,waai4,,,,,,,,
榆,jyu4,,,,,,,,
楼,lau4,,,,,,,,
概,goi3,koi3,,,,,,,
赖,laai6,,,,,,,,
酬,cau4,,,,,,,,
感,gam2,,,,,,,,
碍,ngoi6,,,,,,,,
碑,bei1,,,,,,,,
碎,seoi3,,,,,,,,
碰,,,,,,,,,
碗,wun2,,,,,,,,
碌,luk1,luk6,,,,,,,
雷,leoi4,,,,,,,,
零,lin4,"ling4	",,,,,,,
雾,mou6,,,,,,,,
雹,bok6,,,,,,,,
输,syu1,,,,,,,,
督,duk1,,,,,,,,
龄,ling4,,,,,,,,
鉴,gaam3,,,,,,,,
睛,zing1,,,,,,,,
睡,seoi6,,,,,,,,
睬,coi2,,,,,,,,
鄙,pei2,,,,,,,,
愚,jyu4,,,,,,,,
暖,hyun1,nyun5,,,,,,,
盟,maang6,mang4,,,,,,,
歇,hit3,,,,,,,,
暗,am3,ngam3,ngam3,,,,,,
照,ziu3,,,,,,,,
跨,kwaa1,kwaa3,,,,,,,
跳,tiu3,,,,,,,,
跪,gwai6,,,,,,,,
路,lou6,,,,,,,,
跟,gan1,,,,,,,,
遣,hin2,,,,,,,,
蛾,ngai5,ngo4,,,,,,,
蜂,fung1,,,,,,,,
嗓,song1,song2,,,,,,,
置,zi3,,,,,,,,
罪,zeoi6,,,,,,,,
罩,zaau3,,,,,,,,
错,laap6,co3,cok3,cou3,,,,,
锡,sek3,sik3,,,,,,,
锣,lo4,,,,,,,,
锤,ceoi4,seoi4,,,,,,,
锦,gam2,,,,,,,,
键,gin6,,,,,,,,
锯,geoi3,goe3,,,,,,,
矮,aai2,ai2,ngai2,ngaai2,ngai2,,,,
辞,,,,,,,,,
稠,cau4,,,,,,,,
愁,sau4,,,,,,,,
筹,cau4,cau2,,,,,,,
签,cim1,,,,,,,,
简,gaan2,,,,,,,,
毁,wai2,,,,,,,,
舅,kau5,,,,,,,,
鼠,syu2,,,,,,,,
催,ceoi1,,,,,,,,
傻,so4,,,,,,,,
像,zoeng6,,,,,,,,
躲,do2,,,,,,,,
微,mei4,,,,,,,,
愈,jyu6,,,,,,,,
遥,jiu4,,,,,,,,
腰,jiu1,,,,,,,,
腥,seng1,sing1,,,,,,,
腹,fuk1,,,,,,,,
腾,tang4,,,,,,,,
腿,teoi2,,,,,,,,
触,cuk1,zuk1,,,,,,,
解,gaai2,gaai3,haai5,haai6,,,,,
酱,zoeng3,,,,,,,,
痰,taam4,,,,,,,,
廉,lim4,,,,,,,,
新,san1,,,,,,,,
韵,wan5,wan6,,,,,,,
意,ji3,,,,,,,,
粮,loeng4,,,,,,,,
数,sok3,sou2,sou3,,,,,,
煎,zin1,,,,,,,,
塑,sok3,sou3,,,,,,,
慈,ci4,,,,,,,,
煤,mui4,,,,,,,,
煌,wong4,,,,,,,,
满,mun5,mun6,,,,,,,
漠,mok6,,,,,,,,
源,jyun4,,,,,,,,
滤,leoi6,,,,,,,,
滥,laam6,haam5,,,,,,,
滔,tou1,,,,,,,,
溪,kai1,,,,,,,,
溜,lau4,lau6,liu1,,,,,,
滚,gwan2,,,,,,,,
滨,ban1,,,,,,,,
粱,loeng4,,,,,,,,
滩,taan1,,,,,,,,
慎,san6,,,,,,,,
誉,jyu6,,,,,,,,
塞,sak1,coi3,,,,,,,
谨,gan2,,,,,,,,
福,fuk1,,,,,,,,
群,kwan4,,,,,,,,
殿,din6,,,,,,,,
辟,mai5,bei6,bik1,pik1,,,,,
障,zoeng3,,,,,,,,
嫌,jim4,,,,,,,,
嫁,gaa3,,,,,,,,
叠,dip6,,,,,,,,
缝,fung4,fung6,,,,,,,
缠,cin4,zin6,,,,,,,
静,zing6,,,,,,,,
碧,bik1,,,,,,,,
璃,lei4,,,,,,,,
墙,coeng4,,,,,,,,
撇,pit3,,,,,,,,
嘉,gaa1,,,,,,,,
摧,ceoi1,ceoi4,,,,,,,
截,zit6,,,,,,,,
誓,sai6,,,,,,,,
境,ging2,,,,,,,,
摘,zaak6,,,,,,,,
摔,seoi1,seot1,,,,,,,
聚,zeoi6,,,,,,,,
蔽,bai3,,,,,,,,
慕,mou6,,,,,,,,
暮,mou6,,,,,,,,
蔑,mit6,,,,,,,,
模,mou4,,,,,,,,
榴,lau4,,,,,,,,
榜,pang4,bong2,bong3,pong3,paang4,bong6,,,
榨,zaa3,,,,,,,,
歌,go1,,,,,,,,
遭,zou1,,,,,,,,
酷,huk6,,,,,,,,
酿,joeng6,,,,,,,,
酸,syun1,,,,,,,,
磁,ci4,,,,,,,,
愿,jyun6,,,,,,,,
需,seoi1,,,,,,,,
弊,bai6,,,,,,,,
裳,soeng4,,,,,,,,
颗,fo2,fo3,,,,,,,
嗽,sau3,,,,,,,,
蜻,cing1,,,,,,,,
蜡,laap6,,,,,,,,
蝇,jing4,,,,,,,,
蜘,zi1,,,,,,,,
赚,zaan6,,,,,,,,
锹,ciu1,,,,,,,,
锻,dyun3,,,,,,,,
舞,mou5,,,,,,,,
稳,wan2,,,,,,,,
算,syun3,,,,,,,,
箩,lo4,,,,,,,,
管,gun2,,,,,,,,
僚,liu4,liu5,lou5,,,,,,
鼻,bei6,,,,,,,,
魄,paak3,tok3,bok6,,,,,,
貌,maau6,,,,,,,,
膜,mok6,mou4,,,,,,,
膊,bok3,,,,,,,,
膀,bong2,pong1,pong4,pong1,,,,,
鲜,sin1,sin2,,,,,,,
疑,ji4,,,,,,,,
馒,maan4,maan6,,,,,,,
裹,gwo2,,,,,,,,
敲,haau1,,,,,,,,
豪,hou4,,,,,,,,
膏,gou1,gou3,,,,,,,
遮,ze1,,,,,,,,
腐,fu6,,,,,,,,
瘦,sau3,,,,,,,,
辣,,,,,,,,,
竭,kit3,,,,,,,,
端,dyun1,,,,,,,,
旗,kei4,,,,,,,,
精,zeng1,zing1,,,,,,,
歉,him3,hip3,,,,,,,
熄,sik1,,,,,,,,
熔,jung4,,,,,,,,
漆,cat1,,,,,,,,
漂,piu1,piu3,,,,,,,
漫,maan4,maan6,,,,,,,
滴,dik1,"dik6	",,,,,,,
演,jan5,jin2,jin5,,,,,,
漏,lau6,,,,,,,,
慢,maan6,,,,,,,,
寨,zaai6,,,,,,,,
赛,coi3,,,,,,,,
察,caat3,,,,,,,,
蜜,mat6,,,,,,,,
谱,pou2,,,,,,,,
嫩,nyun6,,,,,,,,
翠,ceoi3,,,,,,,,
熊,hung4,,,,,,,,
凳,dang3,,,,,,,,
骡,lo4,leoi4,,,,,,,
缩,suk1,,,,,,,,
慧,wai3,wai6,,,,,,,
撕,si1,,,,,,,,
撒,saat3,,,,,,,,
趣,ceoi3,cuk1,,,,,,,
趟,tong3,,,,,,,,
撑,caang1,caang3,,,,,,,
播,bo3,,,,,,,,
撞,cong4,zong6,,,,,,,
撤,cit3,,,,,,,,
增,zang1,,,,,,,,
聪,cung1,,,,,,,,
鞋,haai4,,,,,,,,
蕉,ziu1,,,,,,,,
蔬,so1,,,,,,,,
横,waang4,waang6,gwong1,,,,,,
槽,cou4,,,,,,,,
樱,jing1,,,,,,,,
橡,zoeng6,,,,,,,,
飘,piu1,,,,,,,,
醋,zok6,cou3,,,,,,,
醉,zeoi3,,,,,,,,
震,zan3,,,,,,,,
霉,mei4,mui4,,,,,,,
瞒,mun4,,,,,,,,
题,tai4,,,,,,,,
暴,bou6,buk6,,,,,,,
瞎,hat6,,,,,,,,
影,jeng2,jing2,,,,,,,
踢,tek3,,,,,,,,
踏,daap6,,,,,,,,
踩,caai2,,,,,,,,
踪,zung1,,,,,,,,
蝶,dip6,,,,,,,,
蝴,wu4,,,,,,,,
嘱,zuk1,,,,,,,,
墨,maak6,mak6,,,,,,,
镇,zan3,,,,,,,,
靠,kaau3,,,,,,,,
稻,dou6,,,,,,,,
黎,lai4,,,,,,,,
稿,gou2,,,,,,,,
稼,gaa3,,,,,,,,
箱,soeng1,,,,,,,,
箭,zin3,,,,,,,,
篇,pin1,,,,,,,,
僵,goeng1,,,,,,,,
躺,tong2,,,,,,,,
僻,pik1,,,,,,,,
德,dak1,,,,,,,,
艘,sau1,sau2,,,,,,,
膝,sat1,,,,,,,,
膛,tong4,,,,,,,,
熟,suk6,,,,,,,,
摩,mo1,mo4,,,,,,,
颜,ngaan4,,,,,,,,
毅,ngai6,,,,,,,,
糊,wu4,,,,,,,,
遵,zeon1,zyun1,,,,,,,
潜,cim4,,,,,,,,
潮,ciu4,,,,,,,,
懂,dung2,,,,,,,,
额,ngaak6,,,,,,,,
慰,wai3,,,,,,,,
劈,pek3,pek6,pik1,,,,,,
操,cou1,cou3,,,,,,,
燕,jin1,jin3,,,,,,,
薯,,,,,,,,,
薪,,,,,,,,,
薄,bok6,bok2,,,,,,,
颠,din1,,,,,,,,
橘,gat1,gwat1,,,,,,,
整,zing2,,,,,,,,
融,jung4,,,,,,,,
醒,seng2,sing1,sing2,,,,,,
餐,caan1,,,,,,,,
嘴,zeoi2,,,,,,,,
蹄,tai4,,,,,,,,
器,hei3,,,,,,,,
赠,zang6,,,,,,,,
默,mak6,,,,,,,,
镜,geng3,,,,,,,,
赞,zaan3,,,,,,,,
篮,laam4,,,,,,,,
邀,jiu1,,,,,,,,
衡,waang4,hang4,,,,,,,
膨,paang4,,,,,,,,
雕,diu1,,,,,,,,
磨,mo4,mo6,,,,,,,
凝,jing4,king4,,,,,,,
辨,,,,,,,,,
辩,,,,,,,,,
糖,tong4,,,,,,,,
糕,gou1,,,,,,,,
燃,jin4,,,,,,,,
澡,cou3,zou2,,,,,,,
激,gik1,,,,,,,,
懒,laan5,,,,,,,,
壁,bek3,bik1,bik3,,,,,,
避,bei6,,,,,,,,
缴,giu2,,,,,,,,
戴,daai3,,,,,,,,
擦,caat3,caat2,,,,,,,
鞠,guk1,,,,,,,,
藏,cong4,zong1,zong6,zong1,,,,,
霜,soeng1,,,,,,,,
霞,haa4,,,,,,,,
瞧,ciu4,,,,,,,,
蹈,dou6,tou1,,,,,,,
螺,lo4,,,,,,,,
穗,seoi6,,,,,,,,
繁,faan4,po4,pun4,,,,,,
辫,bin1,,,,,,,,
赢,jeng4,jing4,,,,,,,
糟,zou1,,,,,,,,
糠,hong1,,,,,,,,
燥,cou3,,,,,,,,
臂,bei3,,,,,,,,
翼,jik6,,,,,,,,
骤,zau6,zaau6,,,,,,,
鞭,bin1,,,,,,,,
覆,fuk1,fu3,fuk1,,,,,,
蹦,baang6,bang1,bang1,,,,,,
镰,lim4,,,,,,,,
翻,faan1,,,,,,,,
鹰,jing1,,,,,,,,
警,ging2,,,,,,,,
攀,paan1,,,,,,,,
蹲,deon1,cyun4,,,,,,,
颤,zin3,,,,,,,,
瓣,baan6,faan6,,,,,,,
爆,baau3,paau3,"bok3	",,,,,,
疆,goeng1,,,,,,,,
壤,joeng5,,,,,,,,
耀,jiu6,,,,,,,,
躁,cou3,,,,,,,,
嚼,ziu6,zoek3,zoek6,,,,,,
嚷,joeng5,joeng6,,,,,,,
籍,zik6,,,,,,,,
魔,mo1,mo4,,,,,,,
灌,gun3,,,,,,,,
蠢,ceon2,,,,,,,,
霸,baa3,paak3,,,,,,,
露,lau6,lou6,,,,,,,
囊,nong4,,,,,,,,
罐,gun3,,,,,,,,
匕,bei2,bei6,bei3,,,,,,
刁,diu1,,,,,,,,
丐,goi3,koi3,,,,,,,
歹,daai2,aat3,"ngaat6	",,,,,,
戈,gwo1,,,,,,,,
夭,jiu1,jiu2,,,,,,,
仑,leon4,,,,,,,,
讥,gei1,,,,,,,,
冗,jung2,,,,,,,,
邓,dang6,,,,,,,,
艾,ngaai6,,,,,,,,
夯,haang1,ban6,,,,,,,
凸,dat6,gu2,,,,,,,
卢,leoi4,lou4,,,,,,,
叭,baa1,,,,,,,,
叽,gei1,,,,,,,,
皿,ming5,,,,,,,,
凹,waa1,aau1,aau3,ngaau1,lap1,nap1,ngaau1,,
囚,cau4,,,,,,,,
矢,ci2,,,,,,,,
乍,zaa3,zaa6,,,,,,,
尔,ji5,,,,,,,,
冯,pang4,fung4,,,,,,,
玄,jyun4,,,,,,,,
邦,bong1,,,,,,,,
迂,jyu1,,,,,,,,
邢,jing4,,,,,,,,
芋,wu6,,,,,,,,
芍,coek3,zoek3,,,,,,,
吏,lei6,,,,,,,,
夷,ji4,,,,,,,,
吁,heoi1,joek6,jyu6,,,,,,
吕,leoi5,,,,,,,,
吆,jiu1,,,,,,,,
屹,ngat6,,,,,,,,
廷,ting4,,,,,,,,
迄,hat1,ngat6,,,,,,,
臼,kau5,,,,,,,,
仲,zung6,,,,,,,,
伦,leon4,,,,,,,,
伊,,,,,,,,,
肋,laak6,lak6,,,,,,,
旭,juk1,,,,,,,,
匈,hung1,,,,,,,,
凫,fu4,,,,,,,,
妆,zong1,,,,,,,,
亥,hoi6,,,,,,,,
汛,seon3,,,,,,,,
讳,wai3,wai5,,,,,,,
讶,ngaa6,,,,,,,,
讹,ngo4,,,,,,,,
讼,zung6,,,,,,,,
诀,kyut3,,,,,,,,
弛,ci2,ci4,,,,,,,
阱,zeng2,zeng6,"zing6	",,,,,,
驮,do6,to4,to6,,,,,,
驯,seon4,ceon4,,,,,,,
纫,jan6,,,,,,,,
玖,gau2,,,,,,,,
玛,maa5,,,,,,,,
韧,jan6,ngan6,,,,,,,
抠,kau1,,,,,,,,
扼,aak1,ak1,ngak1,,,,,,
汞,hung3,hung6,,,,,,,
扳,baan1,baan2,paan1,baan1,baan2,,,,
抡,leon4,,,,,,,,
坎,ham1,ham2,"ham3	",,,,,,
坞,wu2,ou3,,,,,,,
抑,,,,,,,,,
拟,ji4,ji5,,,,,,,
抒,,,,,,,,,
芙,fu4,,,,,,,,
芜,mou4,,,,,,,,
苇,wai5,,,,,,,,
芥,gaai3,,,,,,,,
芯,sam1,,,,,,,,
芭,baa1,,,,,,,,
杖,zoeng6,,,,,,,,
杉,caam3,saam1,,,,,,,
巫,mou4,,,,,,,,
杈,caa1,caa3,,,,,,,
甫,pou2,pou3,fu2,,,,,,
匣,haap6,,,,,,,,
轩,hin1,,,,,,,,
卤,lou5,,,,,,,,
肖,ciu3,,,,,,,,
吱,zi1,,,,,,,,
吠,fai6,,,,,,,,
呕,au1,au2,,,,,,,
呐,,,,,,,,,
吟,jam4,ngam4,,,,,,,
呛,coeng1,coeng3,,,,,,,
吻,man5,,,,,,,,
吭,hang1,hong4,,,,,,,
邑,jap1,,,,,,,,
囤,deon6,teon4,tyun4,,,,,,
吮,syun5,,,,,,,,
岖,keoi1,,,,,,,,
牡,maau5,mau5,,,,,,,
佑,jau6,,,,,,,,
佃,din6,tin4,,,,,,,
伺,zi6,,,,,,,,
囱,coeng1,cung1,tung1,,,,,,
肛,gong1,,,,,,,,
肘,zaau2,zau2,,,,,,,
甸,din1,din6,tin4,,,,,,
狈,bui3,,,,,,,,
鸠,gau1,kau1,,,,,,,
彤,tung4,,,,,,,,
灸,gau3,,,,,,,,
刨,paau4,,,,,,,,
庇,bei3,,,,,,,,
吝,leon6,,,,,,,,
庐,lou4,,,,,,,,
闰,jeon6,,,,,,,,
兑,deoi3,deoi6,jeoi6,,,,,,
灼,coek3,zoek3,,,,,,,
沐,muk6,,,,,,,,
沛,pui3,,,,,,,,
汰,taai3,,,,,,,,
沥,lik1,lik6,,,,,,,
沦,leon4,,,,,,,,
汹,hung1,,,,,,,,
沧,cong1,,,,,,,,
沪,wu6,,,,,,,,
忱,sam4,,,,,,,,
诅,zo3,,,,,,,,
诈,zaa3,,,,,,,,
罕,hon2,,,,,,,,
屁,pei3,,,,,,,,
坠,zeoi6,,,,,,,,
妓,gei6,,,,,,,,
姊,ze2,zi2,,,,,,,
妒,dou3,,,,,,,,
纬,wai5,,,,,,,,
玫,mui4,,,,,,,,
卦,gwaa3,,,,,,,,
坷,ho1,ho2,,,,,,,
坯,pui1,,,,,,,,
拓,taap3,zek3,tok3,,,,,,
坪,ping4,,,,,,,,
坤,kwan1,,,,,,,,
拄,,,,,,,,,
拧,ling2,ling6,ning4,ning6,,,,,
拂,,,,,,,,,
拙,zyut3,zyut6,,,,,,,
拇,,,,,,,,,
拗,aau2,aau3,ngaau2,ngaau3,juk6,ngaau2,juk6,,
茉,mut6,,,,,,,,
昔,sik1,,,,,,,,
苛,ho1,ho4,,,,,,,
苫,sim1,sim3,,,,,,,
苟,gau2,gik1,,,,,,,
苞,baau1,,,,,,,,
茁,zyut3,,,,,,,,
苔,toi1,toi4,,,,,,,
枉,wong2,,,,,,,,
枢,syu1,,,,,,,,
枚,mui4,,,,,,,,
枫,fung1,,,,,,,,
杭,hong4,,,,,,,,
郁,wat1,juk1,,,,,,,
矾,faan4,faan6,,,,,,,
奈,noi6,,,,,,,,
奄,jim1,jim2,,,,,,,
殴,au2,,,,,,,,
歧,kei4,,,,,,,,
卓,coek3,zoek3,,,,,,,
昙,taam4,,,,,,,,
哎,aai1,ngaai1,ngaai6,ai3,ngaai1,ngai3,,,
咕,gu1,,,,,,,,
呵,o1,ho1,ho2,,,,,,
咙,lung4,,,,,,,,
呻,san1,,,,,,,,
咒,zau3,,,,,,,,
咆,paau4,,,,,,,,
咖,gaa3,kaa1,,,,,,,
帕,paa3,paak3,,,,,,,
账,,,,,,,,,
贬,bin2,,,,,,,,
贮,cyu2,,,,,,,,
氛,fan1,,,,,,,,
秉,bing2,,,,,,,,
岳,ngok6,,,,,,,,
侠,haap6,hap6,,,,,,,
侥,giu1,giu2,hiu1,jiu4,,,,,
侣,leoi5,,,,,,,,
侈,ci2,,,,,,,,
卑,bei1,,,,,,,,
刽,kui2,,,,,,,,
刹,caat3,saat3,,,,,,,
肴,ngaau4,,,,,,,,
觅,mik6,,,,,,,,
忿,fan2,fan5,fan6,,,,,,
瓮,ung3,,,,,,,,
肮,ong1,gong1,hong4,ong1,gong1,,,,
肪,fong1,,,,,,,,
狞,ning4,,,,,,,,
庞,pong4,,,,,,,,
疟,joek6,,,,,,,,
疙,gat1,gat6,ngat6,,,,,,
疚,gau3,,,,,,,,
卒,zeot1,cyut3,,,,,,,
氓,maang4,man4,mang4,mong4,mong5,,,,
炬,geoi6,,,,,,,,
沽,gu1,gu2,gu3,,,,,,
沮,ceoi1,zeoi1,zeoi2,zeoi3,zeoi6,,,,
泣,jap1,,,,,,,,
泞,ning6,,,,,,,,
泌,bai3,bat1,bat6,bei3,,,,,
沼,ziu2,,,,,,,,
怔,zing1,,,,,,,,
怯,hip3,,,,,,,,
宠,cung2,,,,,,,,
宛,jyun1,jyun2,,,,,,,
衩,caa3,caa2,,,,,,,
祈,kei4,,,,,,,,
诡,gwai2,,,,,,,,
帚,zaau2,zau2,,,,,,,
屉,tai3,,,,,,,,
弧,wu4,,,,,,,,
弥,mei4,nei4,,,,,,,
陋,lau6,,,,,,,,
陌,maak6,mak6,,,,,,,
函,haam4,,,,,,,,
姆,mou5,,,,,,,,
虱,sat1,,,,,,,,
叁,,,,,,,,,
绅,san1,,,,,,,,
驹,keoi1,,,,,,,,
绊,bun6,bun3,,,,,,,
绎,jik6,,,,,,,,
契,kai3,kit3,sit3,,,,,,
贰,ji6,,,,,,,,
玷,dim2,dim3,,,,,,,
玲,ling4,,,,,,,,
珊,saan1,,,,,,,,
拭,sik1,,,,,,,,
拷,haau1,haau2,,,,,,,
拱,gung2,,,,,,,,
挟,haap6,hip6,,,,,,,
垢,gau3,hau4,,,,,,,
垛,do2,do6,,,,,,,
拯,cing2,,,,,,,,
荆,ging1,,,,,,,,
茸,jung4,jung5,,,,,,,
茬,caa4,ci4,caa4,,,,,,
荚,gaap3,,,,,,,,
茵,jan1,,,,,,,,
茴,wui4,,,,,,,,
荞,kiu4,,,,,,,,
荠,cai4,cai5,ci4,,,,,,
荤,fan1,,,,,,,,
荧,jing4,,,,,,,,
荔,lai6,,,,,,,,
栈,zaan2,zaan6,,,,,,,
柑,gam1,kim4,,,,,,,
栅,caak3,,,,,,,,
柠,ling4,ning4,,,,,,,
枷,gaa1,,,,,,,,
勃,but6,,,,,,,,
柬,gaan2,,,,,,,,
砂,saa1,,,,,,,,
泵,bam1,,,,,,,,
砚,jin6,,,,,,,,
鸥,au1,ngau1,,,,,,,
轴,zuk6,,,,,,,,
韭,,,,,,,,,
虐,joek6,,,,,,,,
昧,mui6,,,,,,,,
盹,deon6,zeon3,,,,,,,
咧,le1,le2,le4,lit6,,,,,
昵,nik1,,,,,,,,
昭,ciu1,ziu1,,,,,,,
盅,zung1,,,,,,,,
勋,fan1,,,,,,,,
哆,ce2,ci2,do1,do2,,,,,
咪,mai1,mai5,mai6,mei1,miu1,,,,
哟,jo1,,,,,,,,
幽,jau1,,,,,,,,
钙,koi3,,,,,,,,
钝,deon6,,,,,,,,
钠,naap6,naat3,,,,,,,
钦,jam1,,,,,,,,
钧,gwan1,kwan1,,,,,,,
钮,nau2,,,,,,,,
毡,zin1,,,,,,,,
氢,hing1,,,,,,,,
秕,bei2,,,,,,,,
俏,ciu3,,,,,,,,
俄,ngo4,,,,,,,,
俐,lei6,,,,,,,,
侯,hau4,,,,,,,,
徊,wui4,,,,,,,,
衍,hin2,jin2,jin5,,,,,,
胚,pui1,,,,,,,,
胧,lung4,,,,,,,,
胎,toi1,,,,,,,,
狰,zaang1,zang1,,,,,,,
饵,nei6,,,,,,,,
峦,lyun4,,,,,,,,
奕,jik6,,,,,,,,
咨,zi1,,,,,,,,
飒,saap3,,,,,,,,
闺,gwai1,,,,,,,,
闽,man4,man5,,,,,,,
籽,zi2,,,,,,,,
娄,lau4,leoi4,,,,,,,
烁,lik1,soek3,,,,,,,
炫,jyun4,jyun6,,,,,,,
洼,waa1,,,,,,,,
柒,cat1,,,,,,,,
涎,jin4,,,,,,,,
洛,lok3,lok6,,,,,,,
恃,ci5,si5,,,,,,,
恍,fong2,,,,,,,,
恬,tim4,tim5,,,,,,,
恤,seot1,,,,,,,,
宦,waan6,,,,,,,,
诫,gaai3,,,,,,,,
诬,mou4,,,,,,,,
祠,ci4,,,,,,,,
诲,fui3,,,,,,,,
屏,bing2,ping4,,,,,,,
屎,hei1,si2,,,,,,,
逊,seon3,,,,,,,,
陨,wan5,jyun4,,,,,,,
姚,jiu4,,,,,,,,
娜,naa4,no4,no5,,,,,,
蚤,zou2,,,,,,,,
骇,haai5,haai6,hoi4,hoi5,,,,,
耘,wan4,,,,,,,,
耙,paa4,,,,,,,,
秦,ceon4,,,,,,,,
匿,nik1,,,,,,,,
埂,gang2,,,,,,,,
捂,wu2,,,,,,,,
捍,hon2,hon5,"hon6	",,,,,,
袁,jyun4,,,,,,,,
捌,baat3,,,,,,,,
挫,co3,,,,,,,,
挚,zi3,,,,,,,,
捣,,,,,,,,,
捅,tung2,,,,,,,,
埃,aai1,ngaai1,oi1,ngoi1,ngaai1,ngoi1,,,
耿,gang2,gwing2,,,,,,,
聂,nip6,,,,,,,,
荸,but6,,,,,,,,
莽,mong5,mong6,,,,,,,
莱,loi4,,,,,,,,
莉,lei6,,,,,,,,
莹,jing4,,,,,,,,
莺,ang1,,,,,,,,
梆,bong1,,,,,,,,
栖,cai1,,,,,,,,
桦,waa4,waa6,,,,,,,
栓,saan1,,,,,,,,
桅,ngai4,wai4,,,,,,,
桩,zong1,,,,,,,,
贾,gaa2,gaa3,gu2,,,,,,
酌,zoek3,,,,,,,,
砸,zaap3,,,,,,,,
砰,ping1,ping4,,,,,,,
砾,lik1,lik6,,,,,,,
殉,seon1,seon6,,,,,,,
逞,cing2,,,,,,,,
哮,haau1,,,,,,,,
唠,lou4,lou6,,,,,,,
哺,bou1,bou6,,,,,,,
剔,tik1,,,,,,,,
蚌,pong5,,,,,,,,
蚜,ngaa4,,,,,,,,
畔,bun6,,,,,,,,
蚣,gung1,,,,,,,,
蚪,dau2,,,,,,,,
蚓,jan5,,,,,,,,
哩,le1,lei5,,,,,,,
圃,bou2,pou2,,,,,,,
鸯,joeng1,,,,,,,,
唁,jin6,,,,,,,,
哼,hang1,hng6,,,,,,,
唆,so1,,,,,,,,
峭,ciu3,,,,,,,,
唧,zek1,zik1,,,,,,,
峻,zeon3,,,,,,,,
赂,lou6,,,,,,,,
赃,zong1,,,,,,,,
钾,gaap3,,,,,,,,
铆,maau5,,,,,,,,
氨,ngon1,on1,,,,,,,
秫,seot6,,,,,,,,
笆,baa1,,,,,,,,
俺,aan2,jim3,aan2,ngaan2,jim3,,,,
赁,jam6,,,,,,,,
倔,gwat6,,,,,,,,
殷,jan1,jan2,jin1,,,,,,
耸,sung2,,,,,,,,
舀,jiu5,,,,,,,,
豺,caai4,,,,,,,,
豹,paau3,,,,,,,,
颁,baan1,paan1,fan4,,,,,,
胯,kwaa1,kwaa3,fu3,,,,,,
胰,ji4,,,,,,,,
脐,ci4,,,,,,,,
脓,nung4,,,,,,,,
逛,gwaang6,kwaang3,,,,,,,
卿,hing1,,,,,,,,
鸵,to4,,,,,,,,
鸳,jin1,jyun1,,,,,,,
馁,neoi5,noi5,,,,,,,
凌,ling4,,,,,,,,
凄,cai1,,,,,,,,
衷,cung1,zung1,,,,,,,
郭,gwok3,,,,,,,,
斋,zaai1,,,,,,,,
疹,can2,zan2,,,,,,,
紊,man5,man6,leon6,,,,,,
瓷,ci4,,,,,,,,
羔,gou1,,,,,,,,
烙,lok3,lok6,,,,,,,
浦,pou2,pou4,,,,,,,
涡,gwo1,wo1,,,,,,,
涣,wun6,,,,,,,,
涤,dik6,,,,,,,,
涧,gaan2,gaan3,,,,,,,
涕,tai3,,,,,,,,
涩,saap3,sap1,gip3,,,,,,
悍,hon5,hon6,,,,,,,
悯,man5,,,,,,,,
窍,,,,,,,,,
诺,nok6,,,,,,,,
诽,fei2,,,,,,,,
袒,taan2,,,,,,,,
谆,deon1,zeon1,,,,,,,
祟,seoi6,,,,,,,,
恕,syu3,,,,,,,,
娩,faan3,maan5,min5,,,,,,
骏,zeon3,,,,,,,,
琐,so2,,,,,,,,
麸,fu1,,,,,,,,
琉,lau4,,,,,,,,
琅,long4,,,,,,,,
措,cou3,,,,,,,,
捺,naat6,,,,,,,,
捶,,,,,,,,,
赦,se3,,,,,,,,
埠,bou6,fau6,fau2,,,,,,
捻,nan2,nim2,nin2,nip6,,,,,
掐,haap3,,,,,,,,
掂,dim1,dim6,,,,,,,
掖,jat6,jik6,,,,,,,
掷,zaak6,,,,,,,,
掸,daan6,sin6,,,,,,,
掺,caam1,saam2,cam3,saam1,caam1,saam2,cam3,,
勘,ham1,ham3,,,,,,,
聊,liu4,,,,,,,,
娶,ceoi2,ceoi3,,,,,,,
菱,ling4,,,,,,,,
菲,fei1,fei2,,,,,,,
萎,wai1,wai2,,,,,,,
菩,pou4,,,,,,,,
萤,jing4,,,,,,,,
乾,gon1,kin4,,,,,,,
萧,siu1,,,,,,,,
萨,saat3,,,,,,,,
菇,gu1,,,,,,,,
彬,ban1,,,,,,,,
梗,gwaang2,gang2,,,,,,,
梧,ng4,,,,,,,,
梭,so1,,,,,,,,
曹,cou4,,,,,,,,
酝,wan3,wan5,,,,,,,
酗,jyu3,,,,,,,,
厢,soeng1,,,,,,,,
硅,gwai1,,,,,,,,
硕,sek6,,,,,,,,
奢,ce1,se1,,,,,,,
盔,kwai1,,,,,,,,
匾,bin2,,,,,,,,
颅,lou4,,,,,,,,
彪,biu1,,,,,,,,
眶,kwaang1,hong1,,,,,,,
晤,ng6,,,,,,,,
曼,maan4,maan6,mun5,,,,,,
晦,fui3,,,,,,,,
冕,min5,,,,,,,,
啡,fe1,fei1,,,,,,,
畦,kwai4,,,,,,,,
趾,zi2,,,,,,,,
啃,han2,hang2,hang3,kang2,,,,,
蛆,ceoi1,zeoi1,,,,,,,
蚯,jau1,,,,,,,,
蛉,ling4,,,,,,,,
蛀,zyu3,,,,,,,,
唬,haak3,fu2,,,,,,,
啰,lo1,lo3,lo4,,,,,,
唾,to3,toe3,toe5,tou3,,,,,
啤,be1,,,,,,,,
啥,saa1,,,,,,,,
啸,siu3,,,,,,,,
崎,kei1,,,,,,,,
逻,lo4,lo6,,,,,,,
崔,ceoi1,ceoi4,,,,,,,
崩,,,,,,,,,
婴,jing1,,,,,,,,
赊,se1,,,,,,,,
铐,kaau3,kau3,,,,,,,
铛,"caang1	","cing1	",dong1,tong1,,,,,
铝,leoi5,,,,,,,,
铡,zaat3,,,,,,,,
铣,sin2,,,,,,,,
铭,ming4,ming5,,,,,,,
矫,giu2,kiu2,,,,,,,
秸,gaai1,,,,,,,,
秽,wai3,,,,,,,,
笙,saang1,sang1,,,,,,,
笤,tiu4,,,,,,,,
偎,wui1,,,,,,,,
傀,faai3,gwai1,,,,,,,
躯,keoi1,,,,,,,,
兜,dau1,,,,,,,,
衅,jan3,jan6,,,,,,,
徘,pui4,,,,,,,,
徙,saai2,,,,,,,,
舶,baak3,paak3,baak6,bok6,paak6,,,,
舷,jin4,,,,,,,,
舵,taai5,to4,to5,,,,,,
敛,lim5,lim6,,,,,,,
翎,ling4,,,,,,,,
脯,pou2,pou4,fu2,,,,,,
逸,jat6,,,,,,,,
凰,wong4,,,,,,,,
猖,coeng1,,,,,,,,
祭,zaai3,"zai3	",,,,,,,
烹,paang1,,,,,,,,
庶,syu3,,,,,,,,
庵,am1,ngam1,ngam1,,,,,,
痊,cyun4,,,,,,,,
阎,jim4,,,,,,,,
阐,cin2,"sin6	",zin2,,,,,,
眷,gyun3,,,,,,,,
焊,hon2,hon6,,,,,,,
焕,wun6,,,,,,,,
鸿,hung4,,,,,,,,
涯,ngaai4,,,,,,,,
淑,suk6,,,,,,,,
淌,tong2,,,,,,,,
淮,waai4,,,,,,,,
淆,ngaau4,,,,,,,,
渊,jyun1,,,,,,,,
淫,jam4,,,,,,,,
淳,seon4,,,,,,,,
淤,jyu1,jyu2,jyu3,,,,,,
淀,din6,,,,,,,,
涮,saan3,,,,,,,,
涵,haam4,,,,,,,,
惦,dim3,,,,,,,,
悴,seoi6,,,,,,,,
惋,wun2,jyun2,,,,,,,
寂,zik6,,,,,,,,
窒,zat6,,,,,,,,
谍,dip6,,,,,,,,
谐,haai4,,,,,,,,
裆,dong1,,,,,,,,
袱,fuk6,,,,,,,,
祷,dou2,tou2,,,,,,,
谒,jit3,kit3,,,,,,,
谓,wai6,,,,,,,,
谚,jin6,,,,,,,,
尉,wai3,wat1,,,,,,,
堕,fai1,do6,,,,,,,
隅,jyu4,jyu6,,,,,,,
婉,jyun2,,,,,,,,
颇,po1,po2,,,,,,,
绰,coek3,,,,,,,,
绷,baang6,maang1,bang1,mang2,bang1,mang2,,,
综,zung1,zung3,,,,,,,
绽,zaan6,,,,,,,,
缀,zeoi3,zeoi6,zyut3,zyut6,,,,,
巢,caau4,,,,,,,,
琳,lam4,,,,,,,,
琢,doek3,,,,,,,,
琼,king4,,,,,,,,
揍,zau3,,,,,,,,
堰,jin2,,,,,,,,
揩,haai1,,,,,,,,
揽,laam2,laam5,,,,,,,
揖,jap1,,,,,,,,
彭,paang4,,,,,,,,
揣,ceoi2,cyun2,,,,,,,
搀,caam1,,,,,,,,
搓,co1,,,,,,,,
壹,jat1,,,,,,,,
搔,sou1,,,,,,,,
葫,wu4,,,,,,,,
募,mou6,,,,,,,,
蒋,zoeng1,zoeng2,,,,,,,
蒂,dai3,ding3,,,,,,,
韩,hon4,,,,,,,,
棱,ling4,,,,,,,,
椰,je4,,,,,,,,
焚,fan3,fan4,,,,,,,
椎,ceoi4,zeoi1,,,,,,,
棺,gun1,gun3,,,,,,,
榔,long4,,,,,,,,
椭,to2,,,,,,,,
粟,suk1,,,,,,,,
棘,gik1,kik1,,,,,,,
酣,ham4,,,,,,,,
酥,sou1,,,,,,,,
硝,siu1,,,,,,,,
硫,lau4,,,,,,,,
颊,gaap3,haap3,,,,,,,
雳,lik1,lik6,,,,,,,
翘,kiu4,,,,,,,,
凿,zok6,,,,,,,,
棠,,,,,,,,,
晰,sik1,,,,,,,,
鼎,ding2,,,,,,,,
喳,caa1,,,,,,,,
遏,aat3,ngaat3,kit3,,,,,,
晾,long6,,,,,,,,
畴,cau4,,,,,,,,
跋,bat6,but6,,,,,,,
跛,bai1,bei3,bo2,,,,,,
蛔,wui4,,,,,,,,
蜒,jin4,,,,,,,,
蛤,haa4,gaap3,gap3,,,,,,
鹃,gyun1,,,,,,,,
喻,jyu6,,,,,,,,
啼,tai4,,,,,,,,
喧,hyun1,,,,,,,,
嵌,haam1,ham3,ham6,,,,,,
赋,fu3,,,,,,,,
赎,suk6,,,,,,,,
赐,ci3,,,,,,,,
锉,co3,,,,,,,,
锌,san1,,,,,,,,
甥,saang1,sang1,,,,,,,
掰,baai1,baai2,mak3,maak3,,,,,
氮,daam6,,,,,,,,
氯,luk6,,,,,,,,
黍,syu2,,,,,,,,
筏,fat6,,,,,,,,
牍,duk6,,,,,,,,
粤,jyut6,,,,,,,,
逾,jyu4,,,,,,,,
腌,jim1,jip3,,,,,,,
腋,jat6,jik6,,,,,,,
腕,wun2,,,,,,,,
猩,sing1,,,,,,,,
猬,wai6,,,,,,,,
惫,baai6,bei6,,,,,,,
敦,deoi1,deoi3,deoi6,deon1,deon6,diu1,tyun4,,
痘,dau6,,,,,,,,
痢,lei6,,,,,,,,
痪,wun6,,,,,,,,
竣,ceon1,"zeon3	",,,,,,,
翔,coeng4,,,,,,,,
奠,din6,,,,,,,,
遂,seoi6,,,,,,,,
焙,bui6,pui6,,,,,,,
滞,zai6,,,,,,,,
湘,soeng1,,,,,,,,
渤,,,,,,,,,
渺,miu5,,,,,,,,
溃,kui2,,,,,,,,
溅,zin1,zin3,,,,,,,
湃,baai3,paai3,,,,,,,
愕,ngok6,,,,,,,,
惶,wong4,,,,,,,,
寓,jyu6,,,,,,,,
窖,gaau3,,,,,,,,
窘,kwan3,kwan5,,,,,,,
雇,gu3,,,,,,,,
谤,pong3,bong3,,,,,,,
犀,sai1,,,,,,,,
隘,aai3,ngaai3,ai3,ak1,ngak1,,,,
媒,mui4,,,,,,,,
媚,mei4,mei6,,,,,,,
婿,sai3,,,,,,,,
缅,min5,,,,,,,,
缆,laam6,,,,,,,,
缔,dai3,dai6,tai3,,,,,,
缕,leoi5,lau5,,,,,,,
骚,sou1,,,,,,,,
瑟,sat1,,,,,,,,
鹉,mou5,,,,,,,,
瑰,gwai1,gwai3,,,,,,,
搪,tong4,,,,,,,,
聘,ping3,,,,,,,,
斟,zam1,,,,,,,,
靴,hoe1,,,,,,,,
靶,baa2,baa3,,,,,,,
蓖,bai1,bei1,bei6,bai1,,,,,
蒿,hou1,,,,,,,,
蒲,pou4,,,,,,,,
蓉,jung4,,,,,,,,
楔,sit3,,,,,,,,
椿,ceon1,,,,,,,,
楷,gaai1,kaai2,,,,,,,
榄,laam5,,,,,,,,
楞,ling4,ling6,,,,,,,
楣,mei4,,,,,,,,
酪,lok3,lok6,lou6,,,,,,
碘,din2,,,,,,,,
硼,pang4,,,,,,,,
碉,diu1,,,,,,,,
辐,fuk1,,,,,,,,
辑,cap1,,,,,,,,
频,pan4,,,,,,,,
睹,dou2,,,,,,,,
睦,muk6,,,,,,,,
瞄,miu4,,,,,,,,
嗜,si3,,,,,,,,
嗦,so1,,,,,,,,
暇,haa6,,,,,,,,
畸,gei1,kei1,,,,,,,
跷,hiu1,,,,,,,,
跺,do2,,,,,,,,
蜈,ng4,,,,,,,,
蜗,waa1,,,,,,,,
蜕,seoi3,teoi3,,,,,,,
蛹,jung2,,,,,,,,
嗅,hung3,cau3,,,,,,,
嗡,jung1,,,,,,,,
嗤,ci1,,,,,,,,
署,cyu5,syu5,,,,,,,
蜀,suk6,,,,,,,,
幌,fong2,,,,,,,,
锚,maau4,naau4,,,,,,,
锥,zeoi1,,,,,,,,
锨,,,,,,,,,
锭,ding2,ding3,ding6,,,,,,
锰,maang5,,,,,,,,
稚,zi6,,,,,,,,
颓,teoi4,,,,,,,,
筷,faai3,,,,,,,,
魁,fui1,,,,,,,,
衙,ngaa4,,,,,,,,
腻,nei6,nau6,,,,,,,
腮,soi1,,,,,,,,
腺,sin3,,,,,,,,
鹏,paang4,,,,,,,,
肄,ji6,si3,,,,,,,
猿,jyun4,,,,,,,,
颖,wing6,,,,,,,,
煞,saat3,,,,,,,,
雏,co1,co4,,,,,,,
馍,mo4,,,,,,,,
馏,lau4,lau6,,,,,,,
禀,lam5,ban2,,,,,,,
痹,bei3,,,,,,,,
廓,gwok3,kwok3,,,,,,,
痴,ci1,,,,,,,,
靖,zing6,,,,,,,,
誊,tang4,,,,,,,,
漓,lei4,,,,,,,,
溢,jat6,,,,,,,,
溯,sou3,,,,,,,,
溶,jung4,,,,,,,,
滓,zi2,,,,,,,,
溺,nik1,nik6,niu6,,,,,,
寞,mok6,,,,,,,,
窥,kwai1,,,,,,,,
窟,fat1,"gwat6	",,,,,,,
寝,cam2,,,,,,,,
褂,gwaa3,kwaa2,,,,,,,
裸,lo2,lo5,,,,,,,
谬,mau6,,,,,,,,
媳,sik1,,,,,,,,
嫉,zaat6,zat6,,,,,,,
缚,bok3,bok6,fok3,,,,,,
缤,ban1,pan1,,,,,,,
剿,caau1,ziu2,,,,,,,
赘,zeoi3,,,,,,,,
熬,ngaau4,ngou4,ngaau4,,,,,,
赫,haak1,hak1,,,,,,,
蔫,jin1,,,,,,,,
摹,mou4,,,,,,,,
蔓,maan4,maan6,,,,,,,
蔗,ze3,,,,,,,,
蔼,oi2,ngoi2,ngoi2,,,,,,
熙,hei1,,,,,,,,
蔚,wai3,wat1,,,,,,,
兢,ging1,,,,,,,,
榛,zeon1,,,,,,,,
榕,jung4,,,,,,,,
酵,gaau3,"haau1	",haau3,,,,,,
碟,dip6,,,,,,,,
碴,,,,,,,,,
碱,,,,,,,,,
碳,,,,,,,,,
辕,jyun4,,,,,,,,
辖,hat6,,,,,,,,
雌,ci1,,,,,,,,
墅,seoi5,,,,,,,,
嘁,ci1,,,,,,,,
踊,jung2,,,,,,,,
蝉,sin4,"sin4	",sim4,sim2,,,,,
嘀,dik1,dik6,,,,,,,
幔,maan6,,,,,,,,
镀,dou6,,,,,,,,
舔,tim2,,,,,,,,
熏,fan1,,,,,,,,
箍,ku1,,,,,,,,
箕,gei1,,,,,,,,
箫,siu1,,,,,,,,
舆,jyu4,,,,,,,,
僧,sang1,zang1,,,,,,,
孵,fu1,,,,,,,,
瘩,daap3,daat6,,,,,,,
瘟,wan1,,,,,,,,
彰,zoeng1,,,,,,,,
粹,seoi3,"seoi6	",,,,,,,
漱,sou3,sau3,,,,,,,
漩,syun4,,,,,,,,
漾,joeng6,,,,,,,,
慷,hong1,hong2,kong2,,,,,,
寡,gwaa2,,,,,,,,
寥,liu4,,,,,,,,
谭,taam4,,,,,,,,
褐,hot3,hot6,,,,,,,
褪,,,,,,,,,
隧,seoi6,zeoi6,,,,,,,
嫡,dik1,,,,,,,,
缨,jing1,,,,,,,,
撵,lin5,,,,,,,,
撩,liu1,liu4,liu6,,,,,,
撮,cyut3,,,,,,,,
撬,giu6,hiu3,,,,,,,
擒,kam4,,,,,,,,
墩,dan1,dan2,deon1,,,,,,
撰,zaan3,zaan6,,,,,,,
鞍,on1,ngon1,,,,,,,
蕊,jeoi5,jeoi6,,,,,,,
蕴,wan3,wan5,,,,,,,
樊,faan4,faan6,,,,,,,
樟,zoeng1,,,,,,,,
橄,gaam3,gam2,,,,,,,
敷,fu1,,,,,,,,
豌,wun1,,,,,,,,
醇,seon4,,,,,,,,
磕,ham2,hap6,koi3,,,,,,
磅,bong6,pong4,bong2,pong4,,,,,
碾,nin5,,,,,,,,
憋,bit3,,,,,,,,
嘶,sai1,si1,,,,,,,
嘲,zaau1,,,,,,,,
嘹,liu4,,,,,,,,
蝠,fuk1,,,,,,,,
蝎,hit3,kit3,hot3,,,,,,
蝌,fo1,,,,,,,,
蝗,wong4,,,,,,,,
蝙,bin1,bin2,pin1,,,,,,
嘿,mak6,hei1,,,,,,,
幢,cong4,tong4,zong6,,,,,,
镊,nip6,,,,,,,,
镐,gou2,hou6,,,,,,,
稽,kai1,kai2,,,,,,,
篓,lau5,,,,,,,,
膘,biu1,,,,,,,,
鲤,lei5,,,,,,,,
鲫,"zak1	",zik1,,,,,,,
褒,bou1,,,,,,,,
瘪,bit6,,,,,,,,
瘤,lau4,,,,,,,,
瘫,taan1,taan2,,,,,,,
凛,lam5,,,,,,,,
澎,paang1,paang4,,,,,,,
潭,taam4,,,,,,,,
潦,liu2,liu4,liu5,lou5,lou6,,,,
澳,ou3,ngou3,juk1,ngou3,,,,,
潘,pun1,,,,,,,,
澈,cit3,,,,,,,,
澜,laan4,laan6,,,,,,,
澄,dang6,cing4,,,,,,,
憔,ciu4,,,,,,,,
懊,ou3,ngou3,ngou3,,,,,,
憎,zang1,,,,,,,,
翩,pin1,,,,,,,,
褥,juk6,,,,,,,,
谴,hin2,,,,,,,,
鹤,hok6,,,,,,,,
憨,ham1,,,,,,,,
履,lei5,leoi5,,,,,,,
嬉,,,,,,,,,
豫,jyu6,,,,,,,,
缭,liu4,,,,,,,,
撼,ham6,,,,,,,,
擂,leoi4,,,,,,,,
擅,sin6,,,,,,,,
蕾,leoi4,leoi5,,,,,,,
薛,sit3,,,,,,,,
薇,mei4,,,,,,,,
擎,king4,,,,,,,,
翰,hon6,,,,,,,,
噩,ngok6,,,,,,,,
橱,ceoi4,cyu1,,,,,,,
橙,caang4,caang4,"dang3	",caang2,dang3,,,,
瓢,piu4,,,,,,,,
蟥,wong4,,,,,,,,
霍,fok3,,,,,,,,
霎,saap3,,,,,,,,
辙,cit3,,,,,,,,
冀,"gei3	",kei3,,,,,,,
踱,dok6,,,,,,,,
蹂,jau4,,,,,,,,
蟆,maa4,,,,,,,,
螃,pong4,,,,,,,,
螟,ming4,,,,,,,,
噪,cou3,,,,,,,,
鹦,jing1,,,,,,,,
黔,kim4,,,,,,,,
穆,muk6,,,,,,,,
篡,saan3,,,,,,,,
篷,pung4,,,,,,,,
篙,gou1,,,,,,,,
篱,lei4,,,,,,,,
儒,jyu4,,,,,,,,
膳,sin6,,,,,,,,
鲸,king4,,,,,,,,
瘾,jan2,,,,,,,,
瘸,ke4,,,,,,,,
糙,cou3,,,,,,,,
燎,liu4,liu5,liu6,,,,,,
濒,ban1,pan4,,,,,,,
憾,ham6,,,,,,,,
懈,gaai3,haai5,haai6,,,,,,
窿,lung1,lung4,,,,,,,
缰,goeng1,,,,,,,,
壕,hou4,,,,,,,,
藐,miu5,mok6,,,,,,,
檬,mung1,mung4,,,,,,,
檐,jam4,jim4,sim4,,,,,,
檩,lam5,,,,,,,,
檀,taan4,,,,,,,,
礁,ziu1,,,,,,,,
磷,leon4,leon6,ling4,,,,,,
瞭,liu4,liu5,,,,,,,
瞬,seon3,,,,,,,,
瞳,tung4,,,,,,,,
瞪,caang4,dang1,dang6,cing4,,,,,
曙,cyu5,syu5,,,,,,,
蹋,daap6,taap3,,,,,,,
蟋,sik1,,,,,,,,
蟀,seot1,,,,,,,,
嚎,hou4,,,,,,,,
赡,sim6,sin6,,,,,,,
镣,liu4,,,,,,,,
魏,ngai6,,,,,,,,
簇,cuk1,zuk6,,,,,,,
儡,leoi5,,,,,,,,
徽,fai1,,,,,,,,
爵,zoek3,,,,,,,,
朦,mung4,,,,,,,,
臊,sou1,sou3,,,,,,,
鳄,ngok6,,,,,,,,
糜,mai4,mei4,,,,,,,
癌,ngaam4,,,,,,,,
懦,no6,,,,,,,,
豁,waa1,kut3,,,,,,,
臀,tyun4,,,,,,,,
藕,ngau5,,,,,,,,
藤,tang4,,,,,,,,
瞻,zim1,,,,,,,,
嚣,hiu1,,,,,,,,
鳍,kei4,,,,,,,,
癞,laai3,laai6,laat6,,,,,,
瀑,buk6,,,,,,,,
襟,gam1,kam1,,,,,,,
璧,bik1,bik3,,,,,,,
戳,coek3,zoek3,cok3,,,,,,
攒,zaan2,cyun4,,,,,,,
孽,jip6,jit6,,,,,,,
蘑,mo4,,,,,,,,
藻,zou2,,,,,,,,
鳖,bit3,,,,,,,,
蹭,cang3,sang3,,,,,,,
蹬,dang1,dang6,,,,,,,
簸,bo2,bo3,bo1,,,,,,
簿,bou6,bou2,,,,,,,
蟹,haai5,,,,,,,,
靡,mei4,mei5,,,,,,,
癣,sin2,,,,,,,,
羹,gang1,long4,,,,,,,
鬓,ban3,,,,,,,,
攘,joeng4,joeng5,,,,,,,
蠕,jyun5,,,,,,,,
巍,ngai4,,,,,,,,
鳞,leon4,,,,,,,,
糯,no6,,,,,,,,
譬,pei3,,,,,,,,
霹,pik1,,,,,,,,
躏,leon6,,,,,,,,
髓,seoi5,,,,,,,,
蘸,zaam3,,,,,,,,
镶,soeng1,,,,,,,,
瓤,nong4,,,,,,,,
矗,cuk1,,,,,,,,
