一,yī,
乙,yǐ,
二,èr,
十,shí,
丁,dīng,zhēng
厂,ān,chǎng
七,qī,
卜,bo,bǔ
人,rén,
入,rù,
八,bā,
九,jiǔ,
几,jǐ,jī
儿,ér,
了,le,liǎo
力,lì,
乃,nǎi,
刀,dāo,
又,yòu,
三,sān,
于,yú,
干,gàn,gān
亏,kuī,
士,shì,
工,gōng,
土,tǔ,
才,cái,
寸,cùn,
下,xià,
大,dà,dài
丈,zhàng,
与,yú,yù
万,mǒ,wàn
上,shàng,shǎng
小,xiǎo,
口,kǒu,
巾,jīn,
山,shān,
千,qiān,
乞,qǐ,
川,chuān,
亿,yì,
个,gè,gě
勺,sháo,
久,jiǔ,
凡,fán,
及,jí,
夕,xī,
丸,wán,
么,me,
广,ān,guǎng
亡,wáng,wú
门,mén,
义,yí,yì
之,zhī,
尸,shī,
弓,gōng,
己,jǐ,
已,yǐ,
子,zì,zǐ
卫,wèi,
也,yě,
女,nü3,
飞,fēi,
刃,rèn,
习,xí,
叉,chá,chà
马,mǎ,
乡,xiāng,
丰,fēng,
王,wáng,wàng
井,jǐng,
开,kāi,
夫,fú,fū
天,tiān,
无,mó,wú
元,yuán,
专,zhuān,
云,yún,
扎,zā,zhá
艺,yì,
木,mù,
五,wǔ,
支,zhī,
厅,tīng,
不,bù,
太,tài,
犬,quǎn,
区,ōu,qū
历,lì,
尤,yóu,
友,yǒu,
匹,pǐ,
车,chē,jū
巨,jù,
牙,yá,
屯,tún,zhūn
比,bǐ,
互,hù,
切,qiè,qiē
瓦,wà,wǎ
止,zhǐ,
少,shǎo,
日,rì,
中,zhòng,zhōng
冈,gāng,
贝,,
内,nà,nèi
水,shuǐ,
见,jiàn,xiàn
午,wǔ,
牛,niú,
手,shǒu,
毛,máo,
气,qì,
升,shēng,
长,cháng,zhǎng
仁,rén,
什,shén,shí
片,piàn,piān
仆,pú,pū
化,huà,huā
仇,chóu,qiú
币,bì,
仍,réng,
仅,jìn,jǐn
斤,jin,jīn
爪,zhǎo,zhuǎ
反,fǎn,
介,jiè,
父,fù,fǔ
从,cóng,
今,jīn,
凶,xiōng,
分,fèn,fēn
乏,fá,
公,gōng,
仓,cāng,
月,yuè,
氏,shì,zhī
勿,wù,
欠,qiàn,qiɑn
风,fèng,fěng
丹,dān,
匀,yún,
乌,wù,wū
凤,fèng,
勾,gòu,gōu
文,wén,
六,liù,lù
方,fāng,
火,huǒ,
为,wéi,wèi
斗,dòu,dǒu
忆,yì,
订,dìng,
计,jì,
户,hù,
认,rèn,
心,xīn,
尺,chě,chǐ
引,yǐn,
丑,chǒu,
巴,bā,
孔,kǒng,
队,duì,
办,bàn,
以,yǐ,
允,yǔn,
予,yú,yǔ
劝,quàn,
双,shuāng,
书,shū,
幻,huàn,
玉,yù,
刊,kān,
示,shì,
末,mò,
未,wèi,
击,jī,
打,dá,dǎ
巧,qiǎo,
正,zhèng,zhēng
扑,pū,
扒,bɑ,pá
功,gōng,
扔,rēng,
去,qù,
甘,gān,
世,shì,
古,gǔ,
节,jié,jiē
本,běn,
术,shù,zhú
可,kè,kě
丙,bǐng,
左,zuǒ,
厉,lì,
右,yòu,
石,dàn,shí
布,bù,
龙,lóng,
平,píng,
灭,miè,
轧,gá,yà
东,dōng,
卡,kǎ,qiǎ
北,běi,
占,zhàn,zhān
业,yè,
旧,jiù,
帅,shuài,
归,guī,kuì
且,jū,qiě
旦,dàn,
目,mù,
叶,shè,xié
甲,jiá,
申,shēn,
叮,dīng,
电,diàn,
号,hào,
田,tián,
由,yóu,
史,shǐ,
只,zhǐ,zhī
央,yāng,
兄,xiōng,
叼,diāo,
叫,jiào,
另,lìng,
叨,dāo,tāo
叹,tàn,
四,sì,
生,shēng,
失,shī,
禾,hé,
丘,qiū,
付,fù,
仗,zhàng,
代,dài,
仙,xiān,
们,men,
仪,yí,
白,bái,
仔,zǎi,zǐ
他,tā,
斥,chì,
瓜,guā,
乎,hū,
丛,cóng,
令,líng,lìng
用,yòng,
甩,shuǎi,
印,yìn,
乐,lè,yuè
句,gōu,jù
匆,cōng,
册,cè,
犯,fàn,
外,wài,
处,chú,chù
冬,dōng,
鸟,diǎo,niǎo
务,wù,
包,bāo,
饥,jī,
主,zhù,zhǔ
市,shì,
立,lì,
闪,shǎn,
兰,lán,
半,bàn,
汁,zhī,
汇,huì,
头,tou,tóu
汉,hàn,
宁,níng,nìng
穴,xué,
它,tā,
讨,tǎo,
写,xiè,xiě
让,ràng,
礼,lǐ,
训,xùn,
必,bì,
议,yì,
讯,xùn,
记,jì,
永,yǒng,
司,sī,
尼,ní,nǐ
民,mín,
出,chū,
辽,liáo,
奶,nǎi,
奴,nú,
加,jiā,
召,zhào,
皮,pí,
边,biān,
发,fà,fā
孕,yùn,
圣,shèng,
对,duì,
台,tái,tāi
矛,máo,
纠,jiū,
母,mǔ,
幼,yòu,
丝,sī,
式,shì,
刑,xíng,
动,dòng,
扛,gāng,káng
寺,sì,
吉,jí,
扣,kòu,
考,kǎo,
托,tuō,
老,lǎo,
执,zhí,
巩,gǒng,
圾,jī,
扩,kuò,
扫,sào,sǎo
地,de,dì
扬,yáng,
场,cháng,chǎng
耳,,
共,gòng,gǒng
芒,máng,
亚,yà,
芝,zhī,
朽,xiǔ,
朴,piáo,pò
机,jī,
权,quán,
过,guò,guō
臣,chén,
再,zài,
协,xié,
西,xī,
压,yà,yā
厌,yā,yàn
在,zài,
有,yòu,yǒu
百,bǎi,
存,cún,
而,ér,
页,yè,
匠,jiàng,
夸,kuā,
夺,duó,
灰,huī,
达,dá,
列,liè,
死,sǐ,
成,chéng,
夹,gā,jiá
轨,guǐ,
邪,xié,yé
划,huá,huà
迈,mài,
毕,bì,
至,zhì,
此,cǐ,
贞,,
师,shī,
尘,chén,
尖,jiān,
劣,liè,
光,guāng,
当,dàng,dāng
早,zǎo,
吐,tù,tǔ
吓,hè,xià
虫,chóng,huǐ
曲,qǔ,qū
团,tuán,
同,tóng,tòng
吊,diào,
吃,chī,
因,yīn,
吸,xī,
吗,má,mǎ
屿,yǔ,
帆,fān,
岁,suì,
回,huí,
岂,qǐ,
刚,gāng,
则,zé,
肉,ròu,
网,wǎng,
年,nián,
朱,zhū,
先,xiān,
丢,diū,
舌,shé,
竹,zhú,
迁,qiān,
乔,qiáo,
伟,wěi,
传,chuán,zhuàn
乒,pīng,
乓,pāng,
休,xiū,
伍,wǔ,
伏,fú,
优,yōu,
伐,fá,
延,yán,
件,jiàn,
任,rén,rèn
伤,shāng,
价,jià,jie
份,,
华,huá,huà
仰,áng,yǎng
仿,,
伙,huo,huǒ
伪,wěi,
自,zì,
血,xiě,
向,xiàng,
似,sì,shì
后,hòu,
行,háng,hàng
舟,zhōu,
全,quán,
会,huì,kuài
杀,shā,
合,gě,hé
兆,zhào,
企,,
众,zhòng,
爷,yé,
伞,sǎn,
创,chuàng,chuāng
肌,jī,
朵,duǒ,
杂,zá,
危,wēi,
旬,xún,
旨,zhǐ,
负,,
各,gè,gě
名,míng,
多,duō,
争,zhèng,zhēng
色,sè,shǎi
壮,zhuàng,
冲,chòng,chōng
冰,bīng,
庄,zhuāng,
庆,qìng,
亦,yì,
刘,liú,
齐,jì,qí
交,jiāo,
次,cì,
衣,yī,
产,chǎn,
决,jué,
充,chōng,
妄,wàng,
闭,bì,
问,wèn,
闯,chuǎng,
羊,yáng,
并,bìng,bīng
关,guān,
米,mǐ,
灯,dēng,
州,zhōu,
汗,hán,hàn
污,wū,
江,jiāng,
池,chí,
汤,shāng,tàng
忙,máng,
兴,xìng,xīng
宇,yǔ,
守,shǒu,
宅,zhái,
字,zì,
安,ān,
讲,jiǎng,
军,jūn,
许,xǔ,
论,lún,lùn
农,nóng,
讽,fěng,
设,shè,
访,fǎng,
寻,xún,
那,nà,nā
迅,xùn,
尽,jìn,jǐn
导,dǎo,
异,yì,
孙,sūn,
阵,zhèn,
阳,yáng,
收,shōu,
阶,jiē,
阴,yīn,
防,fáng,
奸,gān,jiān
如,rú,
妇,fù,
好,hào,hǎo
她,tā,
妈,mā,
戏,hū,huī
羽,yǔ,
观,guàn,guān
欢,huān,
买,mǎi,
红,gōng,hóng
纤,qiàn,xiān
级,jí,
约,yāo,yuē
纪,jì,jǐ
驰,chí,
巡,xún,
寿,shòu,
弄,lòng,nòng
麦,mài,
形,xíng,
进,jìn,
戒,jiè,
吞,tūn,
远,yuǎn,
违,wéi,
运,yùn,
扶,fú,
抚,fǔ,
坛,tán,
技,jì,
坏,huài,
扰,rǎo,
拒,jù,
找,zhǎo,
批,pī,
扯,chě,
址,zhǐ,
走,zǒu,
抄,,
坝,bà,
贡,,
攻,gōng,
赤,chì,
折,shé,zhé
抓,,
扮,bàn,
抢,qiǎng,qiāng
孝,xiào,
均,jūn,
抛,pāo,
投,,
坟,fén,
抗,,
坑,kēng,
坊,fáng,fāng
抖,,
护,hù,
壳,ké,qiào
志,zhì,
扭,niǔ,
块,kuài,
声,shēng,
把,,
报,bào,
却,què,
劫,jié,
芽,yá,
花,huā,
芹,qín,
芬,fēn,
苍,cāng,
芳,fāng,
严,yán,
芦,lú,
劳,láo,
克,kè,
苏,sū,
杆,gǎn,gān
杠,gàng,gāng
杜,dù,
材,cái,
村,cūn,
杏,xìng,
极,jí,
李,lǐ,
杨,yáng,
求,qiú,
更,gèng,gēng
束,shù,
豆,dòu,
两,liǎng,
丽,lí,lì
医,yī,
辰,chén,
励,lì,
否,fǒu,pǐ
还,hái,huán
歼,jiān,
来,lái,lāi
连,lián,
步,bù,
坚,jiān,
旱,hàn,
盯,dīng,
呈,chéng,
时,shí,
吴,wú,
助,chú,zhù
县,xiàn,xuán
里,lǐ,
呆,dāi,
园,yuán,
旷,kuàng,
围,wéi,
呀,yā,yɑ
吨,dūn,
足,zú,
邮,yóu,
男,nán,
困,kùn,
吵,chǎo,chāo
串,chuàn,guàn
员,yuán,yún
听,tīng,
吩,fēn,
吹,chuī,
呜,wū,
吧,bā,bɑ
吼,hǒu,
别,bié,biè
岗,gàng,gǎng
帐,zhàng,
财,,
针,zhēn,
钉,dìng,dīng
告,gào,
我,wǒ,
乱,luàn,
利,lì,
秃,tū,
秀,xiù,
私,sī,
每,měi,
兵,bīng,
估,gù,gū
体,tǐ,tī
何,hé,hè
但,dàn,
伸,shēn,
作,zuò,zuō
伯,bà,bǎi
伶,líng,
佣,yòng,yōng
低,dī,
你,nǐ,
住,zhù,
位,wèi,
伴,bàn,pàn
身,shēn,
皂,zào,
佛,fó,fú
近,jìn,
彻,chè,
役,yì,
返,fǎn,
余,yú,
希,xī,
坐,zuò,
谷,gǔ,yù
妥,tuǒ,
含,hán,hàn
邻,lín,
岔,chà,
肝,gān,
肚,dù,dǔ
肠,cháng,
龟,guī,jūn
免,miǎn,wèn
狂,kuáng,
犹,yóu,
角,jiǎo,jué
删,shān,
条,tiáo,
卵,luǎn,
岛,dǎo,
迎,yíng,
饭,fàn,
饮,yìn,yǐn
系,jì,xì
言,yán,
冻,dòng,
状,zhuàng,
亩,mǔ,
况,kuàng,
床,chuáng,
库,kù,
疗,liáo,
应,yìng,yīng
冷,lěng,
这,zhè,zhèi
序,xù,
辛,xīn,
弃,qì,
冶,yě,
忘,wàng,
闲,xián,
间,jiàn,jiān
闷,mèn,mēn
判,pàn,
灶,zào,
灿,càn,
弟,dì,
汪,wāng,
沙,shà,shā
汽,qì,
沃,wò,
泛,fàn,
沟,gōu,
没,méi,mò
沈,shěn,
沉,chén,
怀,huái,
忧,yōu,
快,kuài,
完,wán,
宋,sòng,
宏,hóng,
牢,láo,
究,jiū,
穷,qióng,
灾,zāi,
良,liáng,
证,zhèng,
启,qǐ,
评,píng,
补,bǔ,
初,chū,
社,shè,
识,shí,zhì
诉,sù,
诊,zhěn,
词,cí,
译,yì,
君,jūn,
灵,líng,
即,jí,
层,céng,
尿,niào,suī
尾,wěi,yǐ
迟,chí,
局,jú,
改,gǎi,
张,zhàng,zhāng
忌,jì,
际,jì,
陆,liù,lù
阿,à,ǎ
陈,chén,
阻,zǔ,
附,fù,
妙,miào,
妖,yāo,
妨,fáng,
努,nǔ,
忍,rěn,
劲,jìn,jìng
鸡,jī,
驱,qū,
纯,chún,
纱,shā,
纳,nà,
纲,gāng,
驳,bó,
纵,zòng,
纷,fēn,
纸,zhǐ,
纹,wén,
纺,fǎng,
驴,lü2,
纽,niǔ,
奉,fèng,
玩,wán,
环,huán,
武,wǔ,
青,qīng,
责,,
现,xiàn,
表,biǎo,
规,guī,
抹,mā,mò
拢,lǒng,
拔,bá,
拣,jiǎn,
担,,
坦,tǎn,
押,,
抽,,
拐,guǎi,
拖,tuō,
拍,,
者,zhě,
顶,dǐng,
拆,,
拥,yōng,
抵,dǐ,
拘,jū,
势,shì,
抱,bào,
垃,lā,
拉,,
拦,lán,
拌,,
幸,xìng,
招,zhāo,
坡,pō,
披,pī,
拨,bō,
择,zé,zhái
抬,tái,
其,jī,qí
取,qǔ,
苦,gǔ,kǔ
若,rě,ruò
茂,mào,
苹,píng,
苗,miáo,
英,yīng,
范,fàn,
直,zhí,
茄,jiā,qié
茎,jīng,
茅,máo,
林,lín,
枝,zhī,
杯,bēi,
柜,guì,jǔ
析,xī,
板,bǎn,
松,sōng,
枪,qiāng,
构,gòu,
杰,jié,
述,shù,
枕,zhěn,
丧,sàng,sāng
或,huò,
画,huà,
卧,wò,
事,shì,
刺,cì,cī
枣,zǎo,
雨,yù,yǔ
卖,mài,
矿,kuàng,
码,mǎ,
厕,cè,si
奔,bèn,bēn
奇,jī,qí
奋,,
态,tài,
欧,ōu,
垄,lǒng,
妻,qì,qī
轰,hōng,
顷,qǐng,
转,zhuái,zhuàn
斩,zhǎn,
轮,lún,
软,ruǎn,
到,dào,
非,fēi,
叔,shū,
肯,kěn,
齿,chǐ,
些,xiē,
虎,hù,hǔ
虏,lǔ,
肾,shèn,
贤,xián,
尚,shàng,
旺,wàng,
具,jù,
果,guǒ,
味,wèi,
昆,kūn,
国,guó,
昌,chāng,
畅,chàng,
明,míng,
易,yì,
昂,áng,
典,diǎn,
固,gù,
忠,zhōng,
咐,fù,
呼,hū,
鸣,míng,
咏,yǒng,
呢,ne,ní
岸,àn,
岩,yán,
帖,tiè,tiě
罗,luó,
帜,zhì,
岭,lǐng,
凯,kǎi,
败,,
贩,fàn,
购,gòu,
图,tú,
钓,diào,
制,zhì,
知,zhī,
垂,chuí,
牧,mù,
物,wù,
乖,guāi,
刮,guā,
秆,gǎn,
和,hé,hè
季,jì,
委,wěi,wēi
佳,jiā,
侍,shì,
供,gòng,gōng
使,shǐ,
例,lì,
版,bǎn,
侄,zhí,
侦,zhēn,
侧,cè,zè
凭,píng,
侨,qiáo,
佩,pèi,
货,,
依,yǐ,yī
的,de,dí
迫,pǎi,pò
质,zhì,
欣,xīn,
征,zhēng,
往,wǎng,
爬,pá,
彼,bǐ,
径,jìng,jīng
舍,shè,shě
金,jīn,
命,mìng,
斧,fǔ,
爸,bà,
采,cài,cǎi
受,shòu,
乳,rǔ,
贪,tān,
念,niàn,
贫,pín,
肤,fū,
肺,fèi,
肢,zhī,
肿,zhǒng,
胀,zhàng,
朋,péng,
股,gǔ,
肥,féi,
服,fú,fù
胁,xié,
周,zhōu,
昏,hūn,
鱼,yú,
兔,tù,
狐,hú,
忽,hū,
狗,gǒu,
备,bèi,
饰,shì,
饱,bǎo,
饲,sì,
变,biàn,
京,jīng,
享,xiǎng,
店,diàn,
夜,yè,
庙,miào,
府,fǔ,
底,de,dǐ
剂,jì,
郊,jiāo,
废,fèi,
所,suǒ,
净,jìng,
盲,máng,
放,fàng,
刻,kè,
育,yō,yù
闸,zhá,
闹,nào,
郑,zhèng,
券,quàn,xuàn
卷,juàn,juǎn
单,chán,dān
炒,chǎo,
炊,chuī,
炕,hāng,kàng
炎,yán,
炉,lú,
沫,mò,
浅,jiān,qiǎn
法,fǎ,
泄,xiè,
河,hé,
沾,zhān,
泪,lèi,
油,yóu,
泊,bó,pō
沿,yán,
泡,pào,pāo
注,zhù,
泻,xiè,
泳,yǒng,
泥,ní,nì
沸,fèi,
波,bō,
泼,pō,
泽,zé,
治,zhì,
怖,bù,
性,xìng,
怕,pà,
怜,lián,
怪,guài,
学,xué,
宝,bǎo,
宗,zōng,
定,dìng,
宜,yí,
审,shěn,
宙,zhòu,
官,guān,
空,kòng,kǒng
帘,lián,
实,shí,
试,shì,
郎,láng,
诗,shī,
肩,jiān,
房,fáng,
诚,chéng,
衬,chèn,
衫,shān,
视,shì,
话,huà,
诞,dàn,
询,xún,
该,gāi,
详,xiáng,
建,jiàn,
肃,sù,
录,lù,
隶,lì,
居,jū,
届,jiè,
刷,shuà,shuā
屈,qū,
弦,xián,
承,chéng,
孟,mèng,
孤,gū,
陕,shǎn,
降,jiàng,xiáng
限,xiàn,
妹,mèi,
姑,gū,
姐,jiě,
姓,xìng,
始,shǐ,
驾,jià,
参,cān,cēn
艰,jiān,
线,xiàn,
练,liàn,
组,zǔ,
细,xì,
驶,shǐ,
织,zhì,zhī
终,zhōng,
驻,zhù,
驼,tuó,
绍,shào,
经,jìng,jīng
贯,guàn,
奏,zòu,
春,chūn,
帮,bāng,
珍,zhēn,
玻,bō,
毒,dú,
型,xíng,
挂,guà,
封,fēng,
持,chí,
项,xiàng,
垮,kuǎ,
挎,kuà,
城,chéng,
挠,náo,
政,zhèng,zhēng
赴,fù,
赵,zhào,
挡,dàng,dǎng
挺,tǐng,
括,kuò,
拴,shuān,
拾,shè,shí
挑,tiǎo,tiāo
指,zhǐ,
垫,diàn,
挣,zhèng,zhēng
挤,jǐ,
拼,pīn,
挖,wā,
按,àn,
挥,huī,
挪,nuó,
某,mǒu,
甚,shén,shèn
革,gé,jí
荐,jiàn,
巷,hàng,xiàng
带,dài,
草,cǎo,
茧,jiǎn,
茶,chá,
荒,huāng,huɑng
茫,máng,
荡,dàng,
荣,róng,
故,gù,
胡,hú,
南,nā,nán
药,yào,
标,biāo,
枯,kū,
柄,bǐng,
栋,dòng,
相,xiàng,xiāng
查,chá,zhā
柏,bǎi,bó
柳,liǔ,
柱,zhù,zhǔ
柿,shì,
栏,lán,
树,shù,
要,yào,yāo
咸,xián,
威,wēi,
歪,wǎi,wāi
研,yán,yàn
砖,zhuān,
厘,lí,
厚,hòu,
砌,qì,qiè
砍,kǎn,
面,miàn,
耐,nài,
耍,shuǎ,
牵,qiān,
残,cán,
殃,yāng,
轻,qīng,
鸦,yā,
皆,jiē,
背,bèi,bēi
战,zhàn,
点,diǎn,diɑn
临,lín,lìn
览,lǎn,
竖,shù,
省,shěng,xǐng
削,xiāo,xuē
尝,cháng,
是,shì,
盼,pàn,
眨,zhǎ,
哄,hòng,hǒng
显,xiǎn,
哑,yǎ,yā
冒,mào,mò
映,yìng,
星,xīng,
昨,zuó,
畏,wèi,
趴,pā,
胃,wèi,
贵,guì,
界,jiè,
虹,hóng,
虾,há,xiā
蚁,yǐ,
思,sāi,sī
蚂,mà,mǎ
虽,suī,
品,pǐn,
咽,yàn,yān
骂,mà,
哗,huá,huā
咱,zán,
响,xiǎng,
哈,hà,hǎ
咬,yǎo,
咳,hái,hāi
哪,nà,nǎ
炭,tàn,
峡,xiá,
罚,fá,
贱,jiàn,
贴,tiē,
骨,gǔ,gū
钞,chāo,
钟,zhōng,
钢,gàng,gāng
钥,yào,yuè
钩,gōu,
卸,xiè,
缸,gāng,
拜,bài,
看,kàn,kān
矩,ju,jǔ
怎,zěn,
牲,shēng,
选,xuǎn,
适,shì,
秒,miǎo,
香,xiāng,
种,chóng,zhòng
秋,qiū,
科,kē,
重,chóng,zhòng
复,fù,
竿,gān,
段,duàn,
便,biàn,pián
俩,liǎ,liǎng
贷,dài,
顺,shùn,
修,xiū,
保,bǎo,
促,cù,
侮,wǔ,
俭,jiǎn,
俗,sú,
俘,fú,
信,xìn,
皇,huáng,
泉,quán,
鬼,guǐ,
侵,qīn,
追,zhuī,
俊,jùn,
盾,dùn,
待,dài,dāi
律,lü4,
很,hěn,
须,xū,
叙,xù,
剑,jiàn,
逃,táo,
食,sì,shí
盆,pén,
胆,dǎn,
胜,shèng,
胞,bāo,
胖,pán,pàng
脉,mài,mò
勉,miǎn,
狭,xiá,
狮,shī,
独,dú,
狡,jiǎo,
狱,yù,
狠,hěn,
贸,mào,
怨,yuàn,
急,jí,
饶,ráo,
蚀,shí,
饺,jiǎo,
饼,bǐng,
弯,wān,
将,jiàng,jiāng
奖,jiǎng,
哀,āi,
亭,tíng,
亮,liàng,
度,dù,duó
迹,jì,
庭,tíng,
疮,chuāng,
疯,fēng,
疫,yì,
疤,bā,
姿,zī,
亲,qīn,qìng
音,yīn,
帝,dì,
施,shī,
闻,wén,
阀,fá,
阁,gé,
差,cī,chà
养,yǎng,
美,měi,
姜,jiāng,
叛,pàn,
送,sòng,
类,lèi,
迷,mí,
前,qián,
首,shǒu,
逆,nì,
总,zǒng,
炼,liàn,
炸,zhá,zhà
炮,bāo,páo
烂,làn,
剃,tì,
洁,jié,
洪,hóng,
洒,sǎ,
浇,jiāo,
浊,zhuó,
洞,dòng,
测,cè,
洗,xǐ,xiǎn
活,huó,
派,pā,pài
洽,qià,
染,rǎn,
济,jì,jǐ
洋,yáng,
洲,zhōu,
浑,hún,hǔn
浓,nóng,
津,jīn,
恒,héng,
恢,huī,
恰,qià,
恼,nǎo,
恨,hèn,
举,jǔ,
觉,jiào,jué
宣,xuān,
室,shì,
宫,gōng,
宪,xiàn,
突,tū,
穿,chuān,
窃,qiè,
客,kè,
冠,guàn,guān
语,yù,yǔ
扁,biǎn,piān
袄,ǎo,
祖,zǔ,
神,shén,
祝,zhòu,zhù
误,wù,
诱,yòu,
说,shuì,shuō
诵,sòng,
垦,kěn,
退,tuì,
既,jì,
屋,wū,
昼,zhòu,
费,fèi,
陡,dǒu,
眉,méi,
孩,hái,
除,chú,
险,xiǎn,
院,yuàn,
娃,wá,
姥,lǎo,mǔ
姨,yí,
姻,yīn,
娇,jiāo,
怒,nù,
架,jià,
贺,hè,
盈,yíng,
勇,yǒng,
怠,dài,
柔,róu,
垒,lěi,
绑,bǎng,
绒,róng,
结,jié,jiē
绕,rào,
骄,jiāo,
绘,huì,
给,gěi,jǐ
络,lào,luò
骆,luò,
绝,jué,
绞,jiǎo,
统,tǒng,
耕,gēng,
耗,hào,
艳,yàn,
泰,tài,
珠,zhū,
班,bān,
素,sù,
蚕,cán,
顽,wán,
盏,zhǎn,
匪,fěi,
捞,,
栽,zāi,
捕,bǔ,
振,zhèn,zhèn
载,zài,zǎi
赶,gǎn,
起,qǐ,
盐,yán,
捎,shào,shāo
捏,niē,
埋,mái,mān
捉,zhuō,
捆,kǔn,
捐,juān,
损,,
都,dōu,dū
哲,zhé,
逝,shì,
捡,,
换,,
挽,wǎn,
热,rè,
恐,kǒng,
壶,hú,
挨,ái,āi
耻,chǐ,
耽,dān,
恭,gōng,
莲,lián,
莫,mò,mù
荷,hé,hè
获,huò,
晋,jìn,
恶,é,ě
真,zhēn,
框,kuàng,
桂,guì,
档,dàng,
桐,tóng,
株,zhū,
桥,qiáo,
桃,táo,
格,gé,gē
校,jiào,xiào
核,hé,hú
样,yàng,
根,gēn,
索,suǒ,
哥,gē,
速,sù,
逗,dòu,
栗,lì,
配,pèi,
翅,chì,
辱,rǔ,
唇,chún,
夏,xià,
础,chǔ,
破,pò,
原,yuán,
套,tào,
逐,zhú,
烈,liè,
殊,shū,
顾,gù,
轿,jiào,
较,jiào,
顿,dùn,
毙,bì,
致,zhì,
柴,chái,zhài
桌,zhuō,
虑,lü4,
监,jiàn,jiān
紧,jǐn,
党,dǎng,
晒,shài,
眠,mián,
晓,xiǎo,
鸭,yā,
晃,huàng,huǎng
晌,shǎng,
晕,yùn,yūn
蚊,wén,
哨,shào,
哭,kū,
恩,ēn,
唤,huàn,
啊,á,à
唉,ài,āi
罢,bà,bɑ
峰,fēng,
圆,yuán,
贼,zéi,
贿,huì,
钱,qián,
钳,qián,
钻,zuàn,zuān
铁,tiě,
铃,líng,
铅,qiān,yán
缺,quē,
氧,yǎng,
特,tè,
牺,xī,
造,zào,
乘,chéng,shèng
敌,dí,
秤,chèng,chēng
租,zū,
积,jī,
秧,yāng,
秩,zhì,
称,chèn,chèng
秘,bì,mì
透,tòu,
笔,bǐ,
笑,xiào,
笋,sǔn,
债,zhài,
借,jiè,
值,zhí,
倚,yǐ,
倾,qīng,
倒,dào,dǎo
倘,cháng,tǎng
俱,jù,
倡,chàng,chāng
候,hòu,
俯,fǔ,
倍,bèi,
倦,juàn,
健,jiàn,
臭,chòu,xiù
射,shè,
躬,gōng,
息,xī,
徒,tú,
徐,xú,
舰,jiàn,
舱,cāng,
般,bān,bō
航,háng,
途,tú,
拿,ná,
爹,diē,
爱,ài,
颂,sòng,
翁,wēng,
脆,cuì,
脂,zhī,
胸,xiōng,
胳,gé,gē
脏,zàng,zāng
胶,jiāo,
脑,nǎo,
狸,lí,
狼,láng,
逢,féng,
留,liú,
皱,zhòu,
饿,ě,
恋,liàn,
桨,jiǎng,
浆,jiāng,
衰,shuāi,
高,gāo,
席,xí,
准,zhǔn,
座,zuò,
脊,jǐ,
症,zhèng,zhēng
病,bìng,
疾,jí,
疼,téng,
疲,pí,
效,xiào,
离,lí,
唐,táng,
资,zī,
凉,liáng,liàng
站,zhàn,
剖,pōu,
竞,jìng,
部,bù,
旁,bàng,páng
旅,lü3,
畜,chù,xù
阅,yuè,
羞,xiū,
瓶,píng,
拳,quán,
粉,fěn,
料,liào,
益,yì,
兼,jiān,
烤,kǎo,
烘,hōng,
烦,fán,
烧,shāo,
烛,zhú,
烟,yān,
递,dì,
涛,tāo,
浙,zhè,
涝,láo,lào
酒,jiǔ,
涉,shè,
消,xiāo,
浩,hào,
海,hǎi,
涂,tú,
浴,yù,
浮,fú,
流,liú,
润,rùn,
浪,làng,
浸,jìn,
涨,zhàng,zhǎng
烫,tàng,
涌,chōng,yǒng
悟,wù,
悄,qiǎo,qiāo
悔,huǐ,
悦,yuè,
害,hài,hé
宽,kuān,
家,gū,jiā
宵,xiāo,
宴,yàn,
宾,bīn,
窄,zhǎi,
容,róng,
宰,zǎi,
案,àn,
请,qǐng,
朗,lǎng,
诸,zhū,
读,dòu,dú
扇,shàn,shān
袜,mò,wà
袖,xiù,
袍,páo,
被,bèi,pī
祥,xiáng,
课,kè,
谁,shéi,shuí
调,diào,tiáo
冤,yuān,
谅,liàng,
谈,tán,
谊,yì,
剥,bāo,bō
恳,kěn,
展,zhǎn,
剧,jù,
屑,xiè,
弱,ruò,
陵,líng,
陶,táo,yáo
陷,xiàn,
陪,péi,
娱,yú,
娘,niàn,
通,tòng,tōng
能,néng,
难,nán,nàn
预,yù,
桑,sāng,
绢,juàn,
绣,xiù,
验,yàn,
继,jì,
球,qiú,
理,lǐ,
捧,,
堵,dǔ,
描,miáo,
域,yù,
掩,yǎn,
捷,jié,
排,pái,pǎi
掉,diào,
堆,duī,
推,tuī,
掀,xiān,
授,shòu,
教,jiào,jiāo
掏,tāo,
掠,lüè,
培,péi,
接,jié,jiē
控,kòng,
探,tàn,
据,,
掘,jué,
职,zhí,
基,jī,
著,zháo,zhāo
勒,lè,lei
黄,huáng,
萌,méng,
萝,luó,
菌,jùn,jūn
菜,cài,
萄,táo,
菊,jú,
萍,píng,
菠,bō,
营,yíng,
械,xiè,
梦,mèng,
梢,shāo,
梅,méi,
检,jiǎn,
梳,shū,
梯,tī,
桶,tǒng,
救,jiù,
副,fù,
票,piào,piāo
戚,qī,
爽,shuàng,shuāng
聋,lóng,
袭,xí,
盛,chéng,shèng
雪,xuě,
辅,fǔ,
辆,liàng,
虚,xū,
雀,qiǎo,qiāo
堂,táng,
常,cháng,
匙,chí,shi
晨,chén,
睁,zhēng,
眯,mí,mǐ
眼,yǎn,
悬,xuán,
野,yě,
啦,lā,lɑ
晚,wǎn,
啄,zhuó,
距,jù,
跃,yuè,
略,lüè,
蛇,shé,yí
累,léi,lèi
唱,chàng,
患,huàn,
唯,wéi,
崖,yá,
崭,,
崇,chóng,
圈,juàn,juān
铜,tóng,
铲,chǎn,
银,yín,
甜,tián,
梨,lí,
犁,lí,
移,yí,
笨,bèn,
笼,lóng,lǒng
笛,dí,
符,fú,
第,dì,
敏,mǐn,
做,zuò,
袋,dài,
悠,yōu,
偿,cháng,
偶,ǒu,
偷,tōu,
您,nín,
售,shòu,
停,tíng,
偏,piān,
假,jià,jiǎ
得,de,dé
衔,xián,
盘,pán,
船,chuán,
斜,xié,
盒,hé,
鸽,gē,
悉,xī,
欲,yù,
彩,cǎi,
领,lǐng,
脚,jiǎo,jué
脖,bó,
脸,liǎn,
脱,tuō,
象,xiàng,
够,gòu,
猜,cāi,
猪,zhū,
猎,liè,
猫,máo,māo
猛,měng,
馅,xiàn,
馆,guǎn,
凑,còu,
减,jiǎn,
毫,háo,
麻,má,mā
痒,yǎng,
痕,hén,
廊,láng,
康,kāng,
庸,yōng,
鹿,lù,
盗,dào,
章,zhāng,
竟,jìng,
商,shāng,
族,zú,
旋,xuán,xuàn
望,wàng,
率,lü4,shuài
着,zháo,zhāo
盖,gài,gě
粘,nián,zhān
粗,cū,
粒,lì,
断,duàn,
剪,jiǎn,
兽,shòu,
清,qīng,
添,tiān,
淋,lín,lìn
淹,yān,
渠,,
渐,jiàn,jiān
混,hún,hǔn
渔,yú,
淘,táo,
液,yè,
淡,dàn,
深,shēn,
婆,pó,
梁,liáng,
渗,shèn,
情,qíng,
惜,xī,
惭,cán,
悼,dào,
惧,jù,
惕,tì,
惊,jīng,
惨,cǎn,
惯,guàn,
寇,kòu,
寄,jì,
宿,sù,xiù
窑,yáo,
密,mì,
谋,móu,
谎,huǎng,
祸,huò,
谜,mèi,mí
逮,dài,dǎi
敢,gǎn,
屠,tú,
弹,dàn,tán
随,suí,
蛋,dàn,
隆,lóng,
隐,yǐn,
婚,hūn,
婶,shěn,
颈,gěng,
绩,jì,
绪,xù,
续,xù,
骑,qí,
绳,shéng,
维,wéi,
绵,mián,
绸,chóu,
绿,lù,lü4
琴,qín,
斑,bān,
替,tì,
款,kuǎn,
堪,kān,
搭,dā,
塔,dɑ,tǎ
越,yuè,
趁,chèn,
趋,qū,
超,chāo,
提,dī,tí
堤,dī,
博,bó,
揭,jiē,
喜,xǐ,
插,chā,
揪,jiū,
搜,sōu,
煮,zhǔ,
援,yuán,
裁,cái,
搁,gé,gē
搂,lǒu,lōu
搅,jiǎo,
握,wò,
揉,róu,
斯,sī,
期,qī,
欺,qī,
联,lián,
散,sàn,sǎn
惹,rě,
葬,zàng,
葛,gé,gě
董,dǒng,
葡,pú,
敬,jìng,
葱,cōng,
落,là,lào
朝,cháo,zhāo
辜,gū,
葵,kuí,
棒,bàng,
棋,qí,
植,zhí,
森,sēn,
椅,yǐ,yī
椒,jiāo,
棵,kē,
棍,gùn,gǔn
棉,mián,
棚,,
棕,zōng,
惠,huì,
惑,huò,
逼,bī,
厨,chú,
厦,shà,xià
硬,yìng,
确,què,
雁,yàn,
殖,shi,zhí
裂,liě,liè
雄,xióng,
暂,zàn,
雅,yǎ,yā
辈,bèi,
悲,bēi,
紫,zǐ,
辉,huī,
敞,chǎng,
赏,shǎng,
掌,zhǎng,
晴,qíng,
暑,shǔ,
最,zuì,
量,liáng,liàng
喷,pèn,pēn
晶,jīng,
喇,lá,là
遇,yù,
喊,hǎn,
景,jǐng,
践,jiàn,
跌,diē,
跑,páo,pǎo
遗,wèi,yí
蛙,wā,
蛛,zhū,
蜓,tíng,
喝,hè,hē
喂,wèi,
喘,chuǎn,
喉,hóu,
幅,fú,
帽,mào,
赌,dǔ,
赔,péi,
黑,hēi,
铸,zhù,
铺,pù,pū
链,liàn,
销,xiāo,
锁,suǒ,
锄,chú,
锅,guō,
锈,xiù,
锋,fēng,
锐,ruì,
短,duǎn,
智,zhì,
毯,tǎn,
鹅,é,
剩,shèng,
稍,shào,shāo
程,chéng,
稀,xī,
税,shuì,
筐,kuāng,
等,děng,
筑,zhù,
策,cè,
筛,shāi,
筒,tǒng,
答,dá,dā
筋,jīn,
筝,zhēng,
傲,ào,
傅,fù,
牌,pái,
堡,bǎo,bǔ
集,jí,
焦,jiāo,
傍,bàng,
储,chǔ,
奥,ào,
街,jiē,
惩,chéng,
御,yù,
循,xún,
艇,tǐng,
舒,shū,
番,fān,pān
释,shì,
禽,qín,
腊,là,xī
脾,pí,
腔,qiāng,
鲁,lǔ,
猾,huá,
猴,hóu,
然,rán,
馋,chán,
装,zhuāng,
蛮,mán,
就,jiù,
痛,tòng,
童,tóng,
阔,kuò,
善,shàn,
羡,xiàn,
普,pǔ,
粪,fèn,
尊,zūn,
道,dào,
曾,céng,zēng
焰,yàn,
港,gǎng,
湖,hú,
渣,,
湿,shī,
温,wēn,
渴,kě,
滑,huá,
湾,wān,
渡,,
游,yóu,
滋,zī,
溉,gài,
愤,fén,
慌,huǎng,huāng
惰,duǒ,
愧,kuì,
愉,yú,
慨,kǎi,
割,gē,
寒,hán,
富,fù,
窜,cuàn,
窝,wō,
窗,chuāng,
遍,biàn,
裕,yù,
裤,kù,
裙,qún,
谢,xiè,
谣,yáo,
谦,qiān,
属,shǔ,zhǔ
屡,lü3,
强,jiàng,qiáng
粥,yù,zhōu
疏,shū,
隔,gé,
隙,xì,
絮,xù,
嫂,sǎo,
登,dēng,
缎,duàn,
缓,huǎn,
编,biān,
骗,piàn,
缘,yuán,yuàn
瑞,ruì,
魂,hún,
肆,sì,
摄,shè,
摸,mō,
填,tián,
搏,bó,
塌,tā,
鼓,gǔ,
摆,bǎi,
携,xié,
搬,bān,
摇,yáo,
搞,gǎo,
塘,táng,
摊,tān,
蒜,suàn,
勤,qín,
鹊,què,
蓝,lán,
墓,mù,
幕,mù,
蓬,péng,
蓄,xù,
蒙,méng,měng
蒸,zhēng,
献,xiàn,
禁,jìn,jīn
楚,chǔ,
想,xiǎng,
槐,huái,
榆,yú,
楼,lóu,
概,gài,
赖,lái,
酬,chóu,
感,gǎn,hàn
碍,ài,
碑,bēi,
碎,suì,
碰,,
碗,wǎn,
碌,liù,lù
雷,léi,lèi
零,líng,
雾,wù,
雹,báo,
输,shū,
督,dū,
龄,líng,
鉴,jiàn,
睛,jīng,
睡,shuì,
睬,cǎi,
鄙,bǐ,
愚,yú,
暖,nuǎn,
盟,méng,
歇,xiē,
暗,àn,
照,zhào,
跨,kuà,
跳,tiào,
跪,guì,
路,lù,
跟,gēn,
遣,qiǎn,
蛾,é,yǐ
蜂,fēng,
嗓,sǎng,
置,zhì,
罪,zuì,
罩,zhào,
错,cuò,
锡,xī,
锣,luó,
锤,chuí,
锦,jǐn,
键,jiàn,
锯,jù,
矮,ǎi,
辞,,
稠,chóu,
愁,chóu,
筹,chóu,
签,qiān,
简,jiǎn,
毁,huǐ,
舅,jiù,
鼠,shǔ,
催,cuī,
傻,shǎ,
像,xiàng,
躲,duǒ,
微,wēi,
愈,yù,
遥,yáo,
腰,yāo,
腥,xīng,
腹,fù,
腾,téng,
腿,tuǐ,
触,chù,
解,jiè,jiě
酱,jiàng,
痰,tán,
廉,lián,
新,xīn,
韵,yùn,
意,yì,
粮,liáng,
数,shù,shǔ
煎,jiān,
塑,sù,
慈,cí,
煤,méi,
煌,huáng,
满,mǎn,
漠,mò,
源,yuán,
滤,lü4,
滥,làn,
滔,tāo,
溪,xī,
溜,liù,liū
滚,gǔn,
滨,bīn,
粱,liáng,
滩,tān,
慎,shèn,
誉,yù,
塞,sài,sāi
谨,jǐn,
福,fú,
群,qún,
殿,diàn,
辟,bì,pì
障,zhàng,
嫌,xián,
嫁,jià,
叠,dié,
缝,féng,fèng
缠,chán,
静,jìng,
碧,bì,
璃,lí,
墙,qiáng,
撇,piě,piē
嘉,jiā,
摧,cuī,
截,jié,
誓,shì,
境,jìng,
摘,zhāi,
摔,shuāi,
聚,jù,
蔽,bì,
慕,mù,
暮,mù,
蔑,miè,
模,mó,mú
榴,liú,
榜,bàng,bǎng
榨,zhà,
歌,gē,
遭,zāo,
酷,kù,
酿,niàng,
酸,suān,
磁,cí,
愿,yuàn,
需,xū,
弊,bì,
裳,cháng,shɑng
颗,kē,
嗽,sòu,
蜻,qīng,
蜡,là,zhà
蝇,yíng,
蜘,zhī,
赚,zuàn,zhuàn
锹,qiāo,
锻,duàn,
舞,wǔ,
稳,wěn,
算,suàn,
箩,luó,
管,guǎn,
僚,liáo,
鼻,bí,
魄,bó,pò
貌,mào,
膜,mó,
膊,bo,bó
膀,bàng,bǎng
鲜,xiǎn,xiān
疑,yí,
馒,mán,
裹,guǒ,
敲,qiāo,
豪,háo,
膏,gào,gāo
遮,zhē,
腐,fǔ,
瘦,shòu,
辣,,
竭,jié,
端,duān,
旗,qí,
精,jīng,
歉,qiàn,
熄,xī,
熔,róng,
漆,qī,
漂,piào,piǎo
漫,màn,
滴,dī,
演,yǎn,
漏,lòu,
慢,màn,
寨,zhài,
赛,sài,
察,chá,
蜜,mì,
谱,pǔ,
嫩,nèn,
翠,cuì,
熊,xióng,
凳,dèng,
骡,luó,
缩,sù,suō
慧,huì,
撕,sī,
撒,sǎ,sā
趣,cù,qù
趟,tàng,tāng
撑,chēng,
播,bō,
撞,zhuàng,
撤,chè,
增,zēng,
聪,cōng,
鞋,xié,
蕉,jiāo,qiáo
蔬,shū,
横,héng,hèng
槽,cáo,
樱,yīng,
橡,xiàng,
飘,piāo,
醋,cù,
醉,zuì,
震,zhèn,
霉,méi,
瞒,mán,
题,tí,
暴,bào,pù
瞎,xiā,
影,yǐng,
踢,tī,
踏,tà,tā
踩,cǎi,
踪,zōng,
蝶,dié,
蝴,hú,
嘱,zhǔ,
墨,mò,
镇,zhèn,
靠,kào,
稻,dào,
黎,lí,
稿,gǎo,
稼,jià,
箱,xiāng,
箭,jiàn,
篇,piān,
僵,jiāng,
躺,tǎng,
僻,pì,
德,dé,
艘,sōu,
膝,xī,
膛,táng,
熟,shóu,shú
摩,mā,mó
颜,yán,
毅,yì,
糊,hú,hù
遵,zūn,
潜,qián,
潮,cháo,
懂,dǒng,
额,é,
慰,wèi,
劈,pǐ,pī
操,cāo,
燕,yàn,yān
薯,,
薪,,
薄,báo,bó
颠,diān,
橘,jú,
整,zhěng,
融,róng,
醒,xǐng,
餐,cān,
嘴,zuǐ,
蹄,tí,
器,qì,
赠,zèng,
默,mò,
镜,jìng,
赞,zàn,
篮,lán,
邀,yāo,
衡,héng,
膨,péng,
雕,diāo,
磨,mó,mò
凝,níng,
辨,,
辩,,
糖,táng,
糕,gāo,
燃,rán,
澡,zǎo,
激,jī,
懒,lǎn,
壁,bì,
避,bì,
缴,jiǎo,zhuó
戴,dài,
擦,cā,
鞠,jū,
藏,cáng,zàng
霜,shuāng,
霞,xiá,
瞧,qiáo,
蹈,dǎo,
螺,luó,
穗,suì,
繁,fán,pó
辫,biàn,
赢,yíng,
糟,zāo,
糠,kāng,
燥,sào,zào
臂,bei,bì
翼,yì,
骤,zhòu,
鞭,biān,
覆,fù,
蹦,bèng,
镰,lián,
翻,fān,
鹰,yīng,
警,jǐng,
攀,pān,
蹲,cún,dūn
颤,chàn,
瓣,bàn,
爆,bào,
疆,jiāng,
壤,rǎng,
耀,yào,
躁,zào,
嚼,jiáo,jiào
嚷,rǎng,rāng
籍,jí,
魔,mó,
灌,guàn,
蠢,chǔn,
霸,bà,
露,lòu,lù
囊,náng,nāng
罐,guàn,
匕,bǐ,
刁,diāo,
丐,gài,
歹,dǎi,
戈,gē,
夭,ǎo,yāo
仑,lún,
讥,jī,
冗,rǒng,
邓,dèng,
艾,ài,yì
夯,bèn,hāng
凸,tū,
卢,lú,
叭,bà,bā
叽,jī,
皿,mǐn,
凹,āo,
囚,qiú,
矢,shǐ,
乍,zhà,
尔,ěr,
冯,féng,píng
玄,xuán,
邦,bāng,
迂,yū,
邢,xíng,
芋,yù,
芍,què,sháo
吏,lì,
夷,yí,
吁,xū,yù
吕,lü3,
吆,yāo,
屹,yì,
廷,tíng,
迄,qì,
臼,jiù,
仲,zhòng,
伦,lún,
伊,,
肋,lē,lèi
旭,xù,
匈,xiōng,
凫,fú,
妆,zhuāng,
亥,hài,
汛,xùn,
讳,huì,
讶,yà,
讹,é,
讼,sòng,
诀,jué,
弛,chí,
阱,jǐng,
驮,duǒ,tuó
驯,xùn,
纫,rèn,
玖,jiǔ,
玛,mǎ,
韧,rèn,
抠,kōu,
扼,ě,
汞,gǒng,
扳,bān,pān
抡,lún,lūn
坎,kǎn,
坞,wù,
抑,,
拟,nǐ,
抒,,
芙,fú,
芜,wú,
苇,wěi,
芥,gài,jiè
芯,xìn,xīn
芭,bā,
杖,zhàng,
杉,shā,shān
巫,wū,
杈,chà,chā
甫,fǔ,
匣,xiá,
轩,xuān,
卤,lǔ,
肖,xiào,xiāo
吱,zī,zhī
吠,fèi,
呕,ǒu,
呐,nà,nè
吟,yín,
呛,qiàng,qiāng
吻,wěn,
吭,háng,kēng
邑,yì,
囤,dùn,tún
吮,shǔn,
岖,qū,
牡,mǔ,
佑,yòu,
佃,diàn,tián
伺,cì,sì
囱,cōng,
肛,gāng,
肘,zhǒu,
甸,diàn,
狈,bèi,
鸠,jiū,
彤,tóng,
灸,jiǔ,
刨,bào,páo
庇,bì,
吝,lìn,
庐,lú,
闰,rùn,
兑,duì,
灼,zhuó,
沐,mù,
沛,pèi,
汰,tài,
沥,lì,
沦,lún,
汹,xiōng,
沧,cāng,
沪,hù,
忱,chén,
诅,zǔ,
诈,zhà,
罕,hǎn,
屁,pì,
坠,zhuì,
妓,jì,
姊,zǐ,
妒,dù,
纬,wěi,
玫,méi,
卦,guà,
坷,kě,kē
坯,pī,
拓,tà,tuò
坪,píng,
坤,kūn,
拄,,
拧,níng,nìng
拂,,
拙,zhuō,
拇,,
拗,ào,ǎo
茉,mò,
昔,xī,
苛,kē,
苫,shàn,shān
苟,gǒu,
苞,bāo,
茁,zhuó,
苔,tái,tāi
枉,wǎng,
枢,shū,
枚,méi,
枫,fēng,
杭,háng,
郁,yù,
矾,fán,
奈,nài,
奄,yǎn,
殴,ōu,
歧,qí,
卓,zhuó,
昙,tán,
哎,āi,
咕,gū,
呵,ā,ɑ
咙,lóng,
呻,shēn,
咒,zhòu,
咆,páo,
咖,gā,kā
帕,pà,
账,,
贬,biǎn,
贮,zhù,
氛,fēn,
秉,bǐng,
岳,yuè,
侠,xiá,
侥,jiǎo,yáo
侣,lü3,
侈,chǐ,
卑,bēi,
刽,guì,
刹,chà,shā
肴,yáo,
觅,mì,
忿,fèn,
瓮,wèng,
肮,āng,háng
肪,fáng,
狞,níng,
庞,páng,
疟,nüè,yào
疙,gē,
疚,jiù,
卒,cù,zú
氓,máng,méng
炬,jù,
沽,gū,
沮,jù,jǔ
泣,qì,
泞,nìng,
泌,bì,mì
沼,zhǎo,
怔,zhèng,zhēng
怯,qiè,
宠,chǒng,
宛,wǎn,
衩,chà,chǎ
祈,qí,
诡,guǐ,
帚,zhǒu,
屉,tì,
弧,hú,
弥,mí,
陋,lòu,
陌,bǎi,mò
函,hán,
姆,m,mǔ
虱,shī,
叁,sān,
绅,shēn,
驹,jū,
绊,bàn,
绎,yì,
契,qì,xiè
贰,èr,
玷,diàn,
玲,líng,
珊,shān,
拭,shì,
拷,kǎo,
拱,gǒng,
挟,xié,
垢,gòu,
垛,duǒ,duǒ
拯,zhěng,
荆,jīng,
茸,róng,
茬,chá,
荚,jiá,
茵,yīn,
茴,huí,
荞,qiáo,
荠,jì,qí
荤,hūn,xūn
荧,yíng,
荔,lì,
栈,zhàn,
柑,gān,
栅,shān,zhà
柠,níng,
枷,jiā,
勃,bó,
柬,jiǎn,
砂,shā,
泵,bèng,
砚,yàn,
鸥,ōu,
轴,zhóu,zhòu
韭,,
虐,nüè,
昧,mèi,
盹,dǔn,
咧,lie,liè
昵,nì,
昭,zhāo,
盅,zhōng,
勋,xūn,
哆,duō,
咪,mǐ,mī
哟,yo,yō
幽,yōu,
钙,gài,
钝,dùn,
钠,nà,
钦,qīn,
钧,jūn,
钮,niǔ,
毡,zhān,
氢,qīng,
秕,bǐ,
俏,qiào,
俄,é,
俐,lì,
侯,hóu,hòu
徊,huái,
衍,yǎn,
胚,pēi,
胧,lóng,
胎,tāi,
狰,zhēng,
饵,ěr,
峦,luán,
奕,yì,
咨,zī,
飒,sà,
闺,guī,
闽,mǐn,
籽,zǐ,
娄,lóu,
烁,shuò,
炫,xuàn,
洼,wā,
柒,qī,
涎,xián,
洛,luò,
恃,shì,
恍,huǎng,
恬,tián,
恤,xù,
宦,huàn,
诫,jiè,
诬,wū,
祠,cí,
诲,huì,
屏,bǐng,bīng
屎,shǐ,
逊,xùn,
陨,yǔn,
姚,yáo,
娜,nà,nuó
蚤,zǎo,
骇,hài,
耘,yún,
耙,bà,pá
秦,qín,
匿,nì,
埂,gěng,
捂,wǔ,
捍,hàn,
袁,yuán,
捌,bā,
挫,cuò,
挚,zhì,
捣,,
捅,tǒng,
埃,āi,
耿,gěng,
聂,niè,
荸,bí,
莽,mǎng,
莱,lāi,
莉,lì,
莹,yíng,
莺,yīng,
梆,bāng,
栖,qī,xī
桦,huà,
栓,shuān,
桅,wéi,
桩,zhuāng,
贾,gǔ,jià
酌,zhuó,
砸,zá,
砰,pēng,
砾,lì,
殉,xùn,
逞,chěng,
哮,xiào,
唠,láo,lào
哺,bǔ,
剔,tī,
蚌,bàng,bèng
蚜,yá,
畔,pàn,
蚣,gōng,
蚪,dǒu,
蚓,yǐn,
哩,li,lī
圃,pǔ,
鸯,yāng,
唁,yàn,
哼,heng,hēng
唆,suō,
峭,qiào,
唧,jī,
峻,jùn,
赂,lù,
赃,zāng,
钾,jiǎ,
铆,mǎo,
氨,ān,
秫,shú,
笆,bā,
俺,ǎn,
赁,lìn,
倔,jué,juè
殷,yān,yīn
耸,sǒng,
舀,yǎo,
豺,chái,
豹,bào,
颁,bān,
胯,kuà,
胰,yí,
脐,qí,
脓,nóng,
逛,guàng,
卿,qīng,
鸵,tuó,
鸳,yuān,
馁,něi,
凌,líng,
凄,qī,
衷,zhōng,
郭,guō,
斋,zhāi,
疹,zhěn,
紊,wěn,
瓷,cí,
羔,gāo,
烙,lào,luò
浦,pǔ,
涡,guō,wō
涣,huàn,
涤,dí,
涧,jiàn,
涕,tì,
涩,sè,
悍,hàn,
悯,mǐn,
窍,,
诺,nuò,
诽,fěi,
袒,tǎn,
谆,zhūn,
祟,suì,
恕,shù,
娩,miǎn,
骏,jùn,
琐,suǒ,
麸,fū,
琉,liú,
琅,láng,
措,cuò,
捺,nà,
捶,,
赦,shè,
埠,bù,
捻,niǎn,niē
掐,qiā,
掂,diān,
掖,yè,yē
掷,zhì,
掸,dǎn,shàn
掺,càn,chān
勘,kān,
聊,liáo,
娶,qǔ,
菱,líng,
菲,fěi,fēi
萎,wěi,
菩,pú,
萤,yíng,
乾,qián,
萧,xiāo,
萨,sà,
菇,gū,
彬,bīn,
梗,gěng,
梧,wú,
梭,suō,
曹,cáo,
酝,yùn,
酗,xù,
厢,xiāng,
硅,guī,
硕,shuò,
奢,shá,shē
盔,kuī,
匾,biǎn,
颅,lú,
彪,biāo,
眶,kuàng,
晤,wù,
曼,màn,
晦,huì,
冕,miǎn,
啡,fēi,
畦,qí,
趾,zhǐ,
啃,kěn,
蛆,jū,qū
蚯,qiū,
蛉,líng,
蛀,zhù,
唬,hǔ,xià
啰,luo,luó
唾,tuò,
啤,pí,
啥,shá,
啸,xiào,
崎,qí,
逻,luó,
崔,cuī,
崩,,
婴,yīng,
赊,shē,
铐,kào,
铛,chēng,dāng
铝,lü3,
铡,zhá,
铣,xǐ,xiǎn
铭,míng,
矫,jiáo,jiǎo
秸,jiē,
秽,huì,
笙,shēng,
笤,tiáo,
偎,wēi,
傀,kuǐ,
躯,qū,
兜,dōu,
衅,xìn,
徘,pái,
徙,xǐ,
舶,bó,
舷,xián,
舵,duǒ,
敛,liǎn,
翎,líng,
脯,fǔ,pú
逸,yì,
凰,huáng,
猖,chāng,
祭,jì,zhài
烹,pēng,
庶,shù,zhù
庵,ān,
痊,quán,
阎,yán,
阐,chǎn,
眷,juàn,
焊,hàn,
焕,huàn,
鸿,hóng,
涯,yá,
淑,shū,
淌,tǎng,
淮,huái,
淆,xiáo,
渊,yuān,
淫,yín,
淳,chún,
淤,yū,
淀,diàn,
涮,shuàn,
涵,hán,
惦,diàn,
悴,cuì,
惋,wǎn,
寂,jì,
窒,zhì,
谍,dié,
谐,xié,
裆,dāng,
袱,fú,
祷,dǎo,
谒,yè,
谓,wèi,
谚,yàn,
尉,wèi,yù
堕,duǒ,huī
隅,yú,
婉,wǎn,
颇,pō,
绰,chāo,chuo
绷,bèng,běng
综,zèng,zōng
绽,zhàn,
缀,zhuì,
巢,cháo,
琳,lín,
琢,zuó,zhuó
琼,qióng,
揍,zòu,
堰,yàn,
揩,kāi,
揽,lǎn,
揖,yī,
彭,péng,
揣,chuài,chuǎi
搀,chān,
搓,cuō,
壹,yī,
搔,sāo,
葫,hú,
募,mù,
蒋,jiǎng,
蒂,dì,
韩,hán,
棱,lēng,líng
椰,yē,
焚,fén,
椎,chuí,zhuī
棺,guān,
榔,láng,
椭,tuǒ,
粟,sù,
棘,jí,
酣,hān,
酥,sū,
硝,xiāo,
硫,liú,
颊,jiá,
雳,lì,
翘,qiáo,qiào
凿,záo,
棠,,
晰,xī,
鼎,dǐng,
喳,chā,zhā
遏,ě,
晾,liàng,
畴,chóu,
跋,bá,
跛,bǒ,
蛔,huí,
蜒,yán,
蛤,gé,há
鹃,juān,
喻,yù,
啼,tí,
喧,xuān,
嵌,qiàn,
赋,fù,
赎,shú,
赐,cì,
锉,cuò,
锌,xīn,
甥,shēng,
掰,bāi,
氮,dàn,
氯,lü4,
黍,shǔ,
筏,fá,
牍,dú,
粤,yuè,
逾,yú,
腌,ā,yān
腋,yè,
腕,wàn,
猩,xīng,
猬,wèi,
惫,bèi,
敦,duì,dūn
痘,dòu,
痢,lì,
痪,huàn,
竣,jùn,
翔,xiáng,
奠,diàn,
遂,suí,suì
焙,bèi,
滞,zhì,
湘,xiāng,
渤,,
渺,miǎo,
溃,kuì,
溅,jiàn,jiān
湃,pài,
愕,ě,
惶,huáng,
寓,yù,
窖,jiào,
窘,jiǒng,
雇,gù,hù
谤,bàng,
犀,xī,
隘,ài,
媒,méi,
媚,mèi,
婿,xù,
缅,miǎn,
缆,lǎn,
缔,dì,
缕,lü3,
骚,sāo,
瑟,sè,
鹉,wǔ,
瑰,guī,
搪,táng,
聘,pìn,
斟,zhēn,
靴,xuē,
靶,bà,bǎ
蓖,bì,
蒿,hāo,
蒲,pú,
蓉,róng,
楔,xiē,
椿,chūn,
楷,jiē,kǎi
榄,lǎn,
楞,léng,lèng
楣,méi,
酪,lào,
碘,diǎn,
硼,péng,
碉,diāo,
辐,fú,
辑,ji,jí
频,pín,
睹,dǔ,
睦,mù,
瞄,miáo,
嗜,shì,
嗦,suo,
暇,xiá,
畸,jī,
跷,qiāo,
跺,duǒ,
蜈,wú,
蜗,wō,
蜕,tuì,
蛹,yǒng,
嗅,xiù,
嗡,wēng,
嗤,chī,
署,shǔ,
蜀,shǔ,
幌,huǎng,
锚,máo,
锥,zhuī,
锨,xiān,
锭,dìng,
锰,měng,
稚,zhì,
颓,tuí,
筷,kuài,
魁,kuí,
衙,yá,
腻,nì,
腮,sāi,
腺,xiàn,
鹏,péng,
肄,yì,
猿,yuán,
颖,yíng,
煞,shà,shā
雏,chú,
馍,mó,
馏,liú,liù
禀,bǐng,
痹,bì,
廓,kuò,
痴,chī,
靖,jìng,
誊,téng,
漓,lí,
溢,yì,
溯,sù,
溶,róng,
滓,zǐ,
溺,nì,niào
寞,mò,
窥,kuī,
窟,kū,
寝,qǐn,
褂,guà,
裸,luǒ,
谬,miù,
媳,xí,
嫉,jí,
缚,fù,
缤,bīn,
剿,chāo,jiǎo
赘,zhuì,
熬,áo,āo
赫,hè,
蔫,niān,
摹,mó,
蔓,mán,màn
蔗,zhè,
蔼,ǎi,
熙,xī,
蔚,wèi,yù
兢,jīng,
榛,zhēn,
榕,róng,
酵,jiào,
碟,dié,
碴,,
碱,,
碳,,
辕,yuán,
辖,xiá,
雌,cí,
墅,shù,
嘁,qī,
踊,yǒng,
蝉,chán,
嘀,dí,dī
幔,màn,
镀,dù,
舔,tiǎn,
熏,xùn,xūn
箍,gū,
箕,ji,jī
箫,xiāo,
舆,yú,
僧,sēng,
孵,fū,
瘩,dá,dɑ
瘟,wēn,
彰,zhāng,
粹,cuì,suì
漱,shù,
漩,xuán,
漾,yàng,
慷,kāng,
寡,guǎ,
寥,liáo,
谭,tán,
褐,hè,
褪,,
隧,suì,
嫡,dí,
缨,yīng,
撵,niǎn,
撩,liáo,liào
撮,cuō,zuǒ
撬,qiào,
擒,qín,
墩,dūn,
撰,zhuàn,
鞍,ān,
蕊,ruǐ,
蕴,yùn,
樊,fán,
樟,zhāng,
橄,gǎn,
敷,fū,
豌,wān,
醇,chún,
磕,kē,
磅,bàng,páng
碾,niǎn,
憋,biē,
嘶,sī,
嘲,cháo,zhāo
嘹,liáo,
蝠,fú,
蝎,xiē,
蝌,kē,
蝗,huáng,
蝙,biān,
嘿,hēi,mò
幢,chuáng,zhuàng
镊,niè,
镐,gǎo,hào
稽,jī,qǐ
篓,lǒu,
膘,biāo,
鲤,lǐ,
鲫,jì,
褒,bāo,
瘪,biě,biē
瘤,liú,
瘫,tān,
凛,lǐn,
澎,péng,
潭,tán,xún
潦,láo,lào
澳,ào,
潘,pān,
澈,chè,
澜,lán,
澄,chéng,dèng
憔,qiáo,
懊,ào,
憎,zēng,
翩,piān,
褥,rù,
谴,qiǎn,
鹤,hè,
憨,hān,
履,lü3,
嬉,,
豫,yù,
缭,liáo,
撼,hàn,
擂,léi,lèi
擅,shàn,
蕾,lěi,
薛,xuē,
薇,wēi,
擎,qíng,
翰,hàn,
噩,ě,
橱,chú,
橙,chéng,
瓢,piáo,
蟥,huáng,
霍,huò,
霎,shà,
辙,zhé,
冀,jì,
踱,duó,
蹂,róu,
蟆,má,
螃,páng,
螟,míng,
噪,zào,
鹦,yīng,
黔,qián,
穆,mù,
篡,cuàn,
篷,péng,
篙,gāo,
篱,lí,
儒,rú,
膳,shàn,
鲸,jīng,
瘾,yǐn,
瘸,qué,
糙,cāo,
燎,liáo,liào
濒,bīn,
憾,hàn,
懈,xiè,
窿,lóng,
缰,jiāng,
壕,háo,
藐,miǎo,
檬,méng,
檐,yán,
檩,lǐn,
檀,tán,
礁,jiāo,
磷,lín,
瞭,liào,liǎo
瞬,shùn,
瞳,tóng,
瞪,dèng,
曙,shǔ,
蹋,tà,
蟋,xī,
蟀,shuài,
嚎,háo,
赡,shàn,
镣,liào,
魏,wèi,
簇,cù,
儡,léi,lěi
徽,huī,
爵,jué,
朦,méng,
臊,sào,
鳄,è,
糜,méi,mí
癌,ái,
懦,nuò,
豁,huó,huò
臀,tún,
藕,ǒu,
藤,téng,
瞻,zhān,
嚣,áo,xiāo
鳍,qí,
癞,là,lái
瀑,bào,pù
襟,jīn,
璧,bì,
戳,chuō,
攒,cuán,zǎn
孽,niè,
蘑,mó,
藻,zǎo,
鳖,biē,
蹭,cèng,
蹬,dèng,dēng
簸,bò,bǒ
簿,bù,
蟹,xiè,
靡,mí,mǐ
癣,xuǎn,
羹,gēng,
鬓,bìn,
攘,rǎng,
蠕,rú,
巍,wēi,
鳞,lín,
糯,nuò,
譬,pì,
霹,pī,
躏,lìn,
髓,suǐ,
蘸,zhan4,
镶,xiāng,
瓤,ráng,
矗,chù,
